mc	mn	quarterbeats	quarterbeats_all_endings	duration_qb	mc_onset	mn_onset	event	timesig	staff	voice	duration	gracenote	nominal_duration	scalar	chord_id	dynamics	articulation	staff_text	tempo	qpm	tempo_visible	slur	crescendo_hairpin	decrescendo_hairpin
1	1	0	0	0.0	0	0	Tempo	4/4	1	1	0								Andantedolorosoemoltocantabile	80.0	1.0			
1	1	0	0	0.0	0	0	Dynamic	4/4	1	1	0					p								
1	1	1	1	2.0	1/4	1/4	Chord	4/4	1	1	1/2		1/2	1	0							0		
1	1	3	3	1.0	3/4	3/4	Chord	4/4	1	1	1/4		1/4	1	1							0		
1	1	0	0	2.0	0	0	Chord	4/4	1	2	1/2		1/2	1	2									
1	1	2	2	2.0	1/2	1/2	Chord	4/4	1	2	1/2		1/2	1	3									
1	1	0	0	2.0	0	0	Chord	4/4	2	1	1/2		1/2	1	4									
1	1	2	2	2.0	1/2	1/2	Chord	4/4	2	1	1/2		1/2	1	5									
2	2	4	4	0.5	0	0	Chord	4/4	1	1	1/8		1/8	1	6							0, 1		
2	2	9/2	9/2	0.5	1/8	1/8	Chord	4/4	1	1	1/8		1/8	1	7							0, 1		
2	2	5	5	0.5	1/4	1/4	Chord	4/4	1	1	1/8		1/8	1	8							0, 1		
2	2	11/2	11/2	0.5	3/8	3/8	Chord	4/4	1	1	1/8		1/8	1	9									
2	2	6	6	1.5	1/2	1/2	Chord	4/4	1	1	3/8		1/4	3/2	10							2		
2	2	15/2	15/2	0.5	7/8	7/8	Chord	4/4	1	1	1/8		1/8	1	11							2		
2	2	4	4	1.0	0	0	Chord	4/4	1	2	1/4		1/4	1	12									
2	2	6	6	2.0	1/2	1/2	Chord	4/4	1	2	1/2		1/2	1	13									
2	2	4	4	1.0	0	0	Chord	4/4	2	1	1/4		1/4	1	14									
2	2	6	6	2.0	1/2	1/2	Chord	4/4	2	1	1/2		1/2	1	15							3		
2	2	6	6	1.0	1/2	1/2	Chord	4/4	2	2	1/4		1/4	1	16							4		
2	2	7	7	1.0	3/4	3/4	Chord	4/4	2	2	1/4		1/4	1	17							4		
3	3	8	8	1.0	0	0	Chord	4/4	1	1	1/4		1/4	1	18									
3	3	9	9	2.0	1/4	1/4	Chord	4/4	1	1	1/2		1/2	1	19		articAccentAbove					5		
3	3	11	11	1.0	3/4	3/4	Chord	4/4	1	1	1/4		1/4	1	20							5		
3	3	8	8	1.0	0	0	Chord	4/4	1	2	1/4		1/4	1	21									
3	3	10	10	2.0	1/2	1/2	Chord	4/4	1	2	1/2		1/2	1	22									
3	3	8	8	1.0	0	0	Chord	4/4	2	1	1/4		1/4	1	23									
3	3	10	10	2.0	1/2	1/2	Chord	4/4	2	1	1/2		1/2	1	24									
3	3	8	8	1.0	0	0	Chord	4/4	2	2	1/4		1/4	1	25									
3	3	10	10	2.0	1/2	1/2	Chord	4/4	2	2	1/2		1/2	1	26									
4	4	12	12	0.5	0	0	Chord	4/4	1	1	1/8		1/8	1	27							6		
4	4	25/2	25/2	0.5	1/8	1/8	Chord	4/4	1	1	1/8		1/8	1	28							6		
4	4	13	13	0.5	1/4	1/4	Chord	4/4	1	1	1/8		1/8	1	29							6		
4	4	27/2	27/2	0.5	3/8	3/8	Chord	4/4	1	1	1/8		1/8	1	30									
4	4	14	14	1.0	1/2	1/2	Chord	4/4	1	1	1/4		1/4	1	31							7		
4	4	15	15	1.0	3/4	3/4	Chord	4/4	1	1	1/4		1/4	1	32									
4	4	12	12	1.0	0	0	Chord	4/4	1	2	1/4		1/4	1	33									
4	4	13	13	1.0	1/4	1/4	Chord	4/4	1	2	1/4		1/4	1	34									
4	4	14	14	2.0	1/2	1/2	Chord	4/4	1	2	1/2		1/2	1	35									
4	4	13	13	1.0	1/4	1/4	Chord	4/4	2	1	1/4		1/4	1	36									
4	4	14	14	2.0	1/2	1/2	Chord	4/4	2	1	1/2		1/2	1	37									
4	4	12	12	2.0	0	0	Chord	4/4	2	2	1/2		1/2	1	38									
4	4	14	14	2.0	1/2	1/2	Chord	4/4	2	2	1/2		1/2	1	39									
5	5	49/3	49/3	0.0	1/12	1/12	StaffText	4/4	1	1	0							poco cresc.						
5	5	49/3	49/3	0.3333333333333333	1/12	1/12	Chord	4/4	1	1	1/12		1/8	2/3	40		articTenutoBelow							
5	5	50/3	50/3	0.3333333333333333	1/6	1/6	Chord	4/4	1	1	1/12		1/8	2/3	41		articTenutoBelow							
5	5	17	17	0.3333333333333333	1/4	1/4	Chord	4/4	1	1	1/12		1/8	2/3	42		articTenutoAbove							
5	5	52/3	52/3	0.3333333333333333	1/3	1/3	Chord	4/4	1	1	1/12		1/8	2/3	43		articTenutoAbove							
5	5	53/3	53/3	0.3333333333333333	5/12	5/12	Chord	4/4	1	1	1/12		1/8	2/3	44		articTenutoAbove							
5	5	18	18	2.0	1/2	1/2	Chord	4/4	1	1	1/2		1/2	1	45		articAccentAbove							
5	5	17	17	1.0	1/4	1/4	Chord	4/4	2	1	1/4		1/4	1	46									
5	5	19	19	1.0	3/4	3/4	Chord	4/4	2	1	1/4		1/4	1	47									
5	5	16	16	2.0	0	0	Chord	4/4	2	2	1/2		1/2	1	48									
5	5	18	18	2.0	1/2	1/2	Chord	4/4	2	2	1/2		1/2	1	49									
6	6	20	20	0.3333333333333333	0	0	Chord	4/4	1	1	1/12		1/8	2/3	50									
6	6	61/3	61/3	0.3333333333333333	1/12	1/12	Chord	4/4	1	1	1/12		1/8	2/3	51		articTenutoAbove							
6	6	62/3	62/3	0.3333333333333333	1/6	1/6	Chord	4/4	1	1	1/12		1/8	2/3	52		articTenutoAbove							
6	6	21	21	0.3333333333333333	1/4	1/4	Chord	4/4	1	1	1/12		1/8	2/3	53		articTenutoAbove							
6	6	64/3	64/3	0.3333333333333333	1/3	1/3	Chord	4/4	1	1	1/12		1/8	2/3	54		articTenutoAbove							
6	6	65/3	65/3	0.3333333333333333	5/12	5/12	Chord	4/4	1	1	1/12		1/8	2/3	55		articTenutoAbove							
6	6	22	22	1.5	1/2	1/2	Chord	4/4	1	1	3/8		1/4	3/2	56		articAccentAbove					8		
6	6	47/2	47/2	0.5	7/8	7/8	Chord	4/4	1	1	1/8		1/8	1	57									
6	6	21	21	1.0	1/4	1/4	Chord	4/4	2	1	1/4		1/4	1	58									
6	6	23	23	1.0	3/4	3/4	Chord	4/4	2	1	1/4		1/4	1	59									
6	6	20	20	2.0	0	0	Chord	4/4	2	2	1/2		1/2	1	60									
6	6	22	22	2.0	1/2	1/2	Chord	4/4	2	2	1/2		1/2	1	61									
7	7	24	24	0.0	0	0	Spanner	4/4	1	1	0													0
7	7	24	24	0.3333333333333333	0	0	Chord	4/4	1	1	1/12		1/8	2/3	62							9		0
7	7	73/3	73/3	0.3333333333333333	1/12	1/12	Chord	4/4	1	1	1/12		1/8	2/3	63							9		0
7	7	74/3	74/3	0.3333333333333333	1/6	1/6	Chord	4/4	1	1	1/12		1/8	2/3	64									0
7	7	25	25	0.0	1/4	1/4	Chord	4/4	1	1	0	grace16	1/16	2/3	65									0
7	7	25	25	0.0	1/4	1/4	Chord	4/4	1	1	0	grace16	1/16	2/3	66									0
7	7	25	25	0.3333333333333333	1/4	1/4	Chord	4/4	1	1	1/12		1/8	2/3	67							10		0
7	7	76/3	76/3	0.3333333333333333	1/3	1/3	Chord	4/4	1	1	1/12		1/8	2/3	68							10		0
7	7	77/3	77/3	0.3333333333333333	5/12	5/12	Chord	4/4	1	1	1/12		1/8	2/3	69									0
7	7	26	26	1.0	1/2	1/2	Chord	4/4	1	1	1/4		1/4	1	70		articAccentAbove					11		0
7	7	27	27	0.3333333333333333	3/4	3/4	Chord	4/4	1	1	1/12		1/8	2/3	71							11		0
7	7	82/3	82/3	0.3333333333333333	5/6	5/6	Chord	4/4	1	1	1/12		1/8	2/3	72							11		0
7	7	83/3	83/3	0.3333333333333333	11/12	11/12	Chord	4/4	1	1	1/12		1/8	2/3	73							11		0
7	7	24	24	1.0	0	0	Chord	4/4	2	1	1/4		1/4	1	74									
7	7	25	25	1.0	1/4	1/4	Chord	4/4	2	1	1/4		1/4	1	75									
7	7	26	26	1.0	1/2	1/2	Chord	4/4	2	1	1/4		1/4	1	76									
7	7	27	27	1.0	3/4	3/4	Chord	4/4	2	1	1/4		1/4	1	77									
8	8	28	28	0.0	0	0	StaffText	4/4	1	1	0							dim.						
8	8	28	28	0.0	0	0	Spanner	4/4	1	1	0													
8	8	28	28	0.3333333333333333	0	0	Chord	4/4	1	1	1/12		1/8	2/3	78									
8	8	85/3	85/3	0.3333333333333333	1/12	1/12	Chord	4/4	1	1	1/12		1/8	2/3	79		articAccentAbove					12		
8	8	86/3	86/3	0.3333333333333333	1/6	1/6	Chord	4/4	1	1	1/12		1/8	2/3	80							12		
8	8	29	29	0.3333333333333333	1/4	1/4	Chord	4/4	1	1	1/12		1/8	2/3	81							12		
8	8	88/3	88/3	0.3333333333333333	1/3	1/3	Chord	4/4	1	1	1/12		1/8	2/3	82		articAccentAbove					12		
8	8	89/3	89/3	0.3333333333333333	5/12	5/12	Chord	4/4	1	1	1/12		1/8	2/3	83							12		
8	8	30	30	0.3333333333333333	1/2	1/2	Chord	4/4	1	1	1/12		1/8	2/3	84							12		
8	8	91/3	91/3	0.3333333333333333	7/12	7/12	Chord	4/4	1	1	1/12		1/8	2/3	85		articAccentBelow					12		
8	8	92/3	92/3	0.3333333333333333	2/3	2/3	Chord	4/4	1	1	1/12		1/8	2/3	86							12		
8	8	31	31	0.6666666666666666	3/4	3/4	Chord	4/4	1	1	1/6		1/4	2/3	87							12		
8	8	95/3	95/3	0.0	11/12	11/12	Chord	4/4	1	1	0	grace16	1/16	2/3	88							12		
8	8	95/3	95/3	0.0	11/12	11/12	Chord	4/4	1	1	0	grace16	1/16	2/3	89							12		
8	8	95/3	95/3	0.3333333333333333	11/12	11/12	Chord	4/4	1	1	1/12		1/8	2/3	90							12		
8	8	28	28	1.0	0	0	Chord	4/4	2	1	1/4		1/4	1	91									
8	8	29	29	1.0	1/4	1/4	Chord	4/4	2	1	1/4		1/4	1	92									
8	8	30	30	1.0	1/2	1/2	Chord	4/4	2	1	1/4		1/4	1	93									
8	8	31	31	1.0	3/4	3/4	Chord	4/4	2	1	1/4		1/4	1	94									
9	9	32	32	0.0	0	0	Dynamic	4/4	1	1	0					p								
9	9	32	32	0.5	0	0	Chord	4/4	1	1	1/8		1/8	1	95									
9	9	65/2	65/2	0.0	1/8	1/8	StaffText	4/4	1	1	0							marcato						
9	9	67/2	67/2	0.5	3/8	3/8	Chord	4/4	1	1	1/8		1/8	1	96							13		
9	9	34	34	0.5	1/2	1/2	Chord	4/4	1	1	1/8		1/8	1	97							13		
9	9	69/2	69/2	1.0	5/8	5/8	Chord	4/4	1	1	1/4		1/4	1	98							13		
9	9	71/2	71/2	0.5	7/8	7/8	Chord	4/4	1	1	1/8		1/8	1	99							13		
9	9	33	33	2.0	1/4	1/4	Chord	4/4	2	1	1/2		1/2	1	100							14		
9	9	35	35	1.0	3/4	3/4	Chord	4/4	2	1	1/4		1/4	1	101							14		
9	9	32	32	2.0	0	0	Chord	4/4	2	2	1/2		1/2	1	102									
9	9	34	34	2.0	1/2	1/2	Chord	4/4	2	2	1/2		1/2	1	103									
10	10	36	36	0.5	0	0	Chord	4/4	1	1	1/8		1/8	1	104							13		
10	10	73/2	73/2	1.0	1/8	1/8	Chord	4/4	1	1	1/4		1/4	1	105							13		
10	10	75/2	75/2	0.5	3/8	3/8	Chord	4/4	1	1	1/8		1/8	1	106							13		
10	10	38	38	0.5	1/2	1/2	Chord	4/4	1	1	1/8		1/8	1	107							13		
10	10	77/2	77/2	0.5	5/8	5/8	Chord	4/4	1	1	1/8		1/8	1	108							13		
10	10	39	39	0.5	3/4	3/4	Chord	4/4	1	1	1/8		1/8	1	109							13		
10	10	79/2	79/2	0.5	7/8	7/8	Chord	4/4	1	1	1/8		1/8	1	110							13		
10	10	36	36	0.5	0	0	Chord	4/4	2	1	1/8		1/8	1	111							14		
10	10	73/2	73/2	0.5	1/8	1/8	Chord	4/4	2	1	1/8		1/8	1	112							14		
10	10	37	37	0.5	1/4	1/4	Chord	4/4	2	1	1/8		1/8	1	113							14		
10	10	75/2	75/2	0.5	3/8	3/8	Chord	4/4	2	1	1/8		1/8	1	114							15		
10	10	38	38	1.5	1/2	1/2	Chord	4/4	2	1	3/8		1/4	3/2	115							16		
10	10	79/2	79/2	0.5	7/8	7/8	Chord	4/4	2	1	1/8		1/8	1	116							16		
10	10	36	36	1.0	0	0	Chord	4/4	2	2	1/4		1/4	1	117									
10	10	38	38	2.0	1/2	1/2	Chord	4/4	2	2	1/2		1/2	1	118									
11	11	40	40	0.5	0	0	Chord	4/4	1	1	1/8		1/8	1	119									
11	11	81/2	81/2	1.0	1/8	1/8	Chord	4/4	1	1	1/4		1/4	1	120							17		
11	11	83/2	83/2	1.0	3/8	3/8	Chord	4/4	1	1	1/4		1/4	1	121							17		
11	11	85/2	85/2	1.0	5/8	5/8	Chord	4/4	1	1	1/4		1/4	1	122							17		
11	11	87/2	87/2	0.5	7/8	7/8	Chord	4/4	1	1	1/8		1/8	1	123							17		
11	11	40	40	0.5	0	0	Chord	4/4	2	1	1/8		1/8	1	124									
11	11	41	41	2.0	1/4	1/4	Chord	4/4	2	1	1/2		1/2	1	125		articAccentAbove					18		
11	11	43	43	1.0	3/4	3/4	Chord	4/4	2	1	1/4		1/4	1	126							18		
11	11	40	40	1.0	0	0	Chord	4/4	2	2	1/4		1/4	1	127									
11	11	42	42	2.0	1/2	1/2	Chord	4/4	2	2	1/2		1/2	1	128									
12	12	44	44	0.5	0	0	Chord	4/4	1	1	1/8		1/8	1	129							17		
12	12	89/2	89/2	0.5	1/8	1/8	Chord	4/4	1	1	1/8		1/8	1	130							17		
12	12	45	45	0.5	1/4	1/4	Chord	4/4	1	1	1/8		1/8	1	131							17		
12	12	91/2	91/2	0.5	3/8	3/8	Chord	4/4	1	1	1/8		1/8	1	132							17		
12	12	46	46	0.5	1/2	1/2	Chord	4/4	1	1	1/8		1/8	1	133							17		
12	12	93/2	93/2	0.5	5/8	5/8	Chord	4/4	1	1	1/8		1/8	1	134							17		
12	12	47	47	0.5	3/4	3/4	Chord	4/4	1	1	1/8		1/8	1	135							17		
12	12	95/2	95/2	0.5	7/8	7/8	Chord	4/4	1	1	1/8		1/8	1	136									
12	12	44	44	0.5	0	0	Chord	4/4	2	1	1/8		1/8	1	137									
12	12	89/2	89/2	0.5	1/8	1/8	Chord	4/4	2	1	1/8		1/8	1	138							19		
12	12	45	45	0.5	1/4	1/4	Chord	4/4	2	1	1/8		1/8	1	139							19		
12	12	91/2	91/2	0.5	3/8	3/8	Chord	4/4	2	1	1/8		1/8	1	140									
12	12	46	46	1.0	1/2	1/2	Chord	4/4	2	1	1/4		1/4	1	141							20		
12	12	47	47	1.0	3/4	3/4	Chord	4/4	2	1	1/4		1/4	1	142									
12	12	44	44	0.5	0	0	Chord	4/4	2	2	1/8		1/8	1	143									
12	12	46	46	1.0	1/2	1/2	Chord	4/4	2	2	1/4		1/4	1	144									
13	13	145/3	145/3	0.0	1/12	1/12	StaffText	4/4	1	1	0							poco più						
13	13	145/3	145/3	0.3333333333333333	1/12	1/12	Chord	4/4	1	1	1/12		1/8	2/3	145		articTenutoAbove							
13	13	146/3	146/3	0.3333333333333333	1/6	1/6	Chord	4/4	1	1	1/12		1/8	2/3	146		articTenutoAbove							
13	13	49	49	0.3333333333333333	1/4	1/4	Chord	4/4	1	1	1/12		1/8	2/3	147		articTenutoAbove							
13	13	148/3	148/3	0.3333333333333333	1/3	1/3	Chord	4/4	1	1	1/12		1/8	2/3	148		articTenutoAbove							
13	13	149/3	149/3	0.3333333333333333	5/12	5/12	Chord	4/4	1	1	1/12		1/8	2/3	149		articTenutoAbove							
13	13	50	50	2.0	1/2	1/2	Chord	4/4	1	1	1/2		1/2	1	150									
13	13	49	49	0.0	1/4	1/4	Dynamic	4/4	2	1	0					f								
13	13	49	49	1.0	1/4	1/4	Chord	4/4	2	1	1/4		1/4	1	151		articAccentAbove					21		
13	13	50	50	0.3333333333333333	1/2	1/2	Chord	4/4	2	1	1/12		1/8	2/3	152							21		
13	13	151/3	151/3	0.3333333333333333	7/12	7/12	Chord	4/4	2	1	1/12		1/8	2/3	153							21		
13	13	152/3	152/3	0.3333333333333333	2/3	2/3	Chord	4/4	2	1	1/12		1/8	2/3	154							21		
13	13	51	51	0.6666666666666666	3/4	3/4	Chord	4/4	2	1	1/6		1/4	2/3	155							21		
13	13	155/3	155/3	0.3333333333333333	11/12	11/12	Chord	4/4	2	1	1/12		1/8	2/3	156									
13	13	48	48	2.0	0	0	Chord	4/4	2	2	1/2		1/2	1	157									
13	13	50	50	2.0	1/2	1/2	Chord	4/4	2	2	1/2		1/2	1	158									
14	14	157/3	157/3	0.3333333333333333	1/12	1/12	Chord	4/4	1	1	1/12		1/8	2/3	159		articTenutoBelow							
14	14	158/3	158/3	0.3333333333333333	1/6	1/6	Chord	4/4	1	1	1/12		1/8	2/3	160		articTenutoBelow							
14	14	53	53	0.3333333333333333	1/4	1/4	Chord	4/4	1	1	1/12		1/8	2/3	161		articTenutoAbove							
14	14	160/3	160/3	0.3333333333333333	1/3	1/3	Chord	4/4	1	1	1/12		1/8	2/3	162		articTenutoAbove							
14	14	161/3	161/3	0.3333333333333333	5/12	5/12	Chord	4/4	1	1	1/12		1/8	2/3	163		articTenutoAbove							
14	14	54	54	2.0	1/2	1/2	Chord	4/4	1	1	1/2		1/2	1	164									
14	14	52	52	1.0	0	0	Chord	4/4	2	1	1/4		1/4	1	165							22		
14	14	53	53	1.0	1/4	1/4	Chord	4/4	2	1	1/4		1/4	1	166							22		
14	14	54	54	0.3333333333333333	1/2	1/2	Chord	4/4	2	1	1/12		1/8	2/3	167							22		
14	14	163/3	163/3	0.3333333333333333	7/12	7/12	Chord	4/4	2	1	1/12		1/8	2/3	168							22		
14	14	164/3	164/3	0.3333333333333333	2/3	2/3	Chord	4/4	2	1	1/12		1/8	2/3	169							22		
14	14	55	55	0.6666666666666666	3/4	3/4	Chord	4/4	2	1	1/6		1/4	2/3	170							22		
14	14	167/3	167/3	0.3333333333333333	11/12	11/12	Chord	4/4	2	1	1/12		1/8	2/3	171									
14	14	52	52	2.0	0	0	Chord	4/4	2	2	1/2		1/2	1	172									
14	14	54	54	2.0	1/2	1/2	Chord	4/4	2	2	1/2		1/2	1	173									
15	15	169/3	169/3	0.3333333333333333	1/12	1/12	Chord	4/4	1	1	1/12		1/8	2/3	174		articStaccatoBelow					23		
15	15	170/3	170/3	0.3333333333333333	1/6	1/6	Chord	4/4	1	1	1/12		1/8	2/3	175		articStaccatoBelow					23		
15	15	57	57	0.3333333333333333	1/4	1/4	Chord	4/4	1	1	1/12		1/8	2/3	176		articStaccatoBelow					23		
15	15	172/3	172/3	0.3333333333333333	1/3	1/3	Chord	4/4	1	1	1/12		1/8	2/3	177		articStaccatoBelow					23		
15	15	173/3	173/3	0.3333333333333333	5/12	5/12	Chord	4/4	1	1	1/12		1/8	2/3	178							23		
15	15	58	58	0.3333333333333333	1/2	1/2	Chord	4/4	1	1	1/12		1/8	2/3	179									
15	15	175/3	175/3	0.3333333333333333	7/12	7/12	Chord	4/4	1	1	1/12		1/8	2/3	180		articAccentBelow							
15	15	176/3	176/3	0.3333333333333333	2/3	2/3	Chord	4/4	1	1	1/12		1/8	2/3	181									
15	15	59	59	0.3333333333333333	3/4	3/4	Chord	4/4	1	1	1/12		1/8	2/3	182									
15	15	178/3	178/3	0.3333333333333333	5/6	5/6	Chord	4/4	1	1	1/12		1/8	2/3	183		articAccentBelow							
15	15	179/3	179/3	0.3333333333333333	11/12	11/12	Chord	4/4	1	1	1/12		1/8	2/3	184									
15	15	56	56	1.0	0	0	Chord	4/4	2	1	1/4		1/4	1	185							24		
15	15	57	57	1.0	1/4	1/4	Chord	4/4	2	1	1/4		1/4	1	186									
15	15	59	59	1.0	3/4	3/4	Chord	4/4	2	1	1/4		1/4	1	187									
15	15	56	56	0.0	0	0	Chord	4/4	2	2	0	acciaccatura	1/8	1	188									
15	15	56	56	2.0	0	0	Chord	4/4	2	2	1/2		1/2	1	189									
15	15	58	58	1.0	1/2	1/2	Chord	4/4	2	2	1/4		1/4	1	190									
16	16	60	60	0.3333333333333333	0	0	Chord	4/4	1	1	1/12		1/8	2/3	191									
16	16	181/3	181/3	0.3333333333333333	1/12	1/12	Chord	4/4	1	1	1/12		1/8	2/3	192		articAccentBelow							
16	16	182/3	182/3	0.3333333333333333	1/6	1/6	Chord	4/4	1	1	1/12		1/8	2/3	193									
16	16	61	61	0.3333333333333333	1/4	1/4	Chord	4/4	1	1	1/12		1/8	2/3	194									
16	16	184/3	184/3	0.3333333333333333	1/3	1/3	Chord	4/4	1	1	1/12		1/8	2/3	195		articAccentBelow							
16	16	185/3	185/3	0.3333333333333333	5/12	5/12	Chord	4/4	1	1	1/12		1/8	2/3	196									
16	16	62	62	0.6666666666666666	1/2	1/2	Chord	4/4	1	1	1/6		1/4	2/3	197							25		
16	16	188/3	188/3	0.3333333333333333	2/3	2/3	Chord	4/4	1	1	1/12		1/8	2/3	198									
16	16	63	63	0.6666666666666666	3/4	3/4	Chord	4/4	1	1	1/6		1/4	2/3	199							26		
16	16	191/3	191/3	0.3333333333333333	11/12	11/12	Chord	4/4	1	1	1/12		1/8	2/3	200									
16	16	62	62	2.0	1/2	1/2	Chord	4/4	1	2	1/2		1/2	1	201									
16	16	60	60	1.0	0	0	Chord	4/4	2	1	1/4		1/4	1	202									
16	16	61	61	1.0	1/4	1/4	Chord	4/4	2	1	1/4		1/4	1	203									
16	16	62	62	2.0	1/2	1/2	Chord	4/4	2	1	1/2		1/2	1	204									
17	17	64	64	0.0	0	0	Dynamic	4/4	1	1	0					p								
17	17	193/3	193/3	0.3333333333333333	1/12	1/12	Chord	4/4	1	1	1/12		1/8	2/3	205							27		
17	17	194/3	194/3	0.3333333333333333	1/6	1/6	Chord	4/4	1	1	1/12		1/8	2/3	206							27		
17	17	65	65	0.3333333333333333	1/4	1/4	Chord	4/4	1	1	1/12		1/8	2/3	207							27		
17	17	196/3	196/3	0.3333333333333333	1/3	1/3	Chord	4/4	1	1	1/12		1/8	2/3	208							27		
17	17	197/3	197/3	0.3333333333333333	5/12	5/12	Chord	4/4	1	1	1/12		1/8	2/3	209									
17	17	66	66	0.6666666666666666	1/2	1/2	Chord	4/4	1	1	1/6		1/4	2/3	210							28		
17	17	200/3	200/3	0.3333333333333333	2/3	2/3	Chord	4/4	1	1	1/12		1/8	2/3	211									
17	17	67	67	0.6666666666666666	3/4	3/4	Chord	4/4	1	1	1/6		1/4	2/3	212							29		
17	17	203/3	203/3	0.3333333333333333	11/12	11/12	Chord	4/4	1	1	1/12		1/8	2/3	213									
17	17	64	64	1.0	0	0	Chord	4/4	2	1	1/4		1/4	1	214									
17	17	65	65	1.0	1/4	1/4	Chord	4/4	2	1	1/4		1/4	1	215									
17	17	66	66	1.0	1/2	1/2	Chord	4/4	2	1	1/4		1/4	1	216									
17	17	67	67	1.0	3/4	3/4	Chord	4/4	2	1	1/4		1/4	1	217									
18	18	68	68	1.0	0	0	Chord	4/4	1	1	1/4		1/4	1	218									
18	18	69	69	1.0	1/4	1/4	Chord	4/4	1	1	1/4		1/4	1	219									
18	18	70	70	0.3333333333333333	1/2	1/2	Chord	4/4	1	1	1/12		1/8	2/3	220							30		
18	18	211/3	211/3	0.3333333333333333	7/12	7/12	Chord	4/4	1	1	1/12		1/8	2/3	221							30		
18	18	212/3	212/3	0.3333333333333333	2/3	2/3	Chord	4/4	1	1	1/12		1/8	2/3	222									
18	18	71	71	0.6666666666666666	3/4	3/4	Chord	4/4	1	1	1/6		1/4	2/3	223							31		
18	18	215/3	215/3	0.3333333333333333	11/12	11/12	Chord	4/4	1	1	1/12		1/8	2/3	224									
18	18	205/3	205/3	0.3333333333333333	1/12	1/12	Chord	4/4	1	2	1/12		1/8	2/3	225							32		
18	18	206/3	206/3	0.3333333333333333	1/6	1/6	Chord	4/4	1	2	1/12		1/8	2/3	226							32		
18	18	69	69	0.3333333333333333	1/4	1/4	Chord	4/4	1	2	1/12		1/8	2/3	227							32		
18	18	208/3	208/3	0.3333333333333333	1/3	1/3	Chord	4/4	1	2	1/12		1/8	2/3	228							32		
18	18	209/3	209/3	0.3333333333333333	5/12	5/12	Chord	4/4	1	2	1/12		1/8	2/3	229									
18	18	70	70	1.0	1/2	1/2	Chord	4/4	1	2	1/4		1/4	1	230		articAccentBelow					33		
18	18	71	71	1.0	3/4	3/4	Chord	4/4	1	2	1/4		1/4	1	231									
18	18	68	68	1.0	0	0	Chord	4/4	2	1	1/4		1/4	1	232									
18	18	69	69	1.0	1/4	1/4	Chord	4/4	2	1	1/4		1/4	1	233									
18	18	70	70	1.0	1/2	1/2	Chord	4/4	2	1	1/4		1/4	1	234									
18	18	71	71	1.0	3/4	3/4	Chord	4/4	2	1	1/4		1/4	1	235									
19	19	217/3	217/3	0.3333333333333333	1/12	1/12	Chord	4/4	1	1	1/12		1/8	2/3	236							34		
19	19	218/3	218/3	0.3333333333333333	1/6	1/6	Chord	4/4	1	1	1/12		1/8	2/3	237							34		
19	19	73	73	0.3333333333333333	1/4	1/4	Chord	4/4	1	1	1/12		1/8	2/3	238							34		
19	19	220/3	220/3	0.3333333333333333	1/3	1/3	Chord	4/4	1	1	1/12		1/8	2/3	239							34		
19	19	221/3	221/3	0.3333333333333333	5/12	5/12	Chord	4/4	1	1	1/12		1/8	2/3	240									
19	19	74	74	0.6666666666666666	1/2	1/2	Chord	4/4	1	1	1/6		1/4	2/3	241							35		
19	19	224/3	224/3	0.3333333333333333	2/3	2/3	Chord	4/4	1	1	1/12		1/8	2/3	242									
19	19	75	75	0.6666666666666666	3/4	3/4	Chord	4/4	1	1	1/6		1/4	2/3	243							36		
19	19	227/3	227/3	0.3333333333333333	11/12	11/12	Chord	4/4	1	1	1/12		1/8	2/3	244									
19	19	72	72	1.0	0	0	Chord	4/4	2	1	1/4		1/4	1	245									
19	19	73	73	1.0	1/4	1/4	Chord	4/4	2	1	1/4		1/4	1	246									
19	19	74	74	1.0	1/2	1/2	Chord	4/4	2	1	1/4		1/4	1	247									
19	19	75	75	1.0	3/4	3/4	Chord	4/4	2	1	1/4		1/4	1	248									
20	20	76	76	1.0	0	0	Chord	4/4	1	1	1/4		1/4	1	249									
20	20	77	77	1.0	1/4	1/4	Chord	4/4	1	1	1/4		1/4	1	250									
20	20	78	78	0.3333333333333333	1/2	1/2	Chord	4/4	1	1	1/12		1/8	2/3	251							37		
20	20	235/3	235/3	0.3333333333333333	7/12	7/12	Chord	4/4	1	1	1/12		1/8	2/3	252							37		
20	20	236/3	236/3	0.3333333333333333	2/3	2/3	Chord	4/4	1	1	1/12		1/8	2/3	253									
20	20	79	79	0.6666666666666666	3/4	3/4	Chord	4/4	1	1	1/6		1/4	2/3	254							38		
20	20	239/3	239/3	0.3333333333333333	11/12	11/12	Chord	4/4	1	1	1/12		1/8	2/3	255									
20	20	229/3	229/3	0.3333333333333333	1/12	1/12	Chord	4/4	1	2	1/12		1/8	2/3	256							39		
20	20	230/3	230/3	0.3333333333333333	1/6	1/6	Chord	4/4	1	2	1/12		1/8	2/3	257							39		
20	20	77	77	0.3333333333333333	1/4	1/4	Chord	4/4	1	2	1/12		1/8	2/3	258							39		
20	20	232/3	232/3	0.3333333333333333	1/3	1/3	Chord	4/4	1	2	1/12		1/8	2/3	259							39		
20	20	233/3	233/3	0.3333333333333333	5/12	5/12	Chord	4/4	1	2	1/12		1/8	2/3	260									
20	20	78	78	1.0	1/2	1/2	Chord	4/4	1	2	1/4		1/4	1	261		articAccentBelow					40		
20	20	79	79	1.0	3/4	3/4	Chord	4/4	1	2	1/4		1/4	1	262									
20	20	76	76	0.0	0	0	StaffText	4/4	2	1	0							poco cresc.						
20	20	76	76	1.0	0	0	Chord	4/4	2	1	1/4		1/4	1	263									
20	20	77	77	1.0	1/4	1/4	Chord	4/4	2	1	1/4		1/4	1	264									
20	20	78	78	1.0	1/2	1/2	Chord	4/4	2	1	1/4		1/4	1	265									
20	20	79	79	1.0	3/4	3/4	Chord	4/4	2	1	1/4		1/4	1	266									
21	21	80	80	1.0	0	0	Chord	4/4	1	1	1/4		1/4	1	267									
21	21	81	81	1.0	1/4	1/4	Chord	4/4	1	1	1/4		1/4	1	268									
21	21	82	82	0.3333333333333333	1/2	1/2	Chord	4/4	1	1	1/12		1/8	2/3	269							41		
21	21	247/3	247/3	0.3333333333333333	7/12	7/12	Chord	4/4	1	1	1/12		1/8	2/3	270							41		
21	21	248/3	248/3	0.3333333333333333	2/3	2/3	Chord	4/4	1	1	1/12		1/8	2/3	271									
21	21	83	83	0.6666666666666666	3/4	3/4	Chord	4/4	1	1	1/6		1/4	2/3	272							42		
21	21	251/3	251/3	0.3333333333333333	11/12	11/12	Chord	4/4	1	1	1/12		1/8	2/3	273									
21	21	241/3	241/3	0.3333333333333333	1/12	1/12	Chord	4/4	1	2	1/12		1/8	2/3	274							43		
21	21	242/3	242/3	0.3333333333333333	1/6	1/6	Chord	4/4	1	2	1/12		1/8	2/3	275							43		
21	21	81	81	0.3333333333333333	1/4	1/4	Chord	4/4	1	2	1/12		1/8	2/3	276							43		
21	21	244/3	244/3	0.3333333333333333	1/3	1/3	Chord	4/4	1	2	1/12		1/8	2/3	277							43		
21	21	245/3	245/3	0.3333333333333333	5/12	5/12	Chord	4/4	1	2	1/12		1/8	2/3	278									
21	21	82	82	1.0	1/2	1/2	Chord	4/4	1	2	1/4		1/4	1	279		articAccentBelow							
21	21	83	83	1.0	3/4	3/4	Chord	4/4	1	2	1/4		1/4	1	280									
21	21	80	80	1.0	0	0	Chord	4/4	2	1	1/4		1/4	1	281									
21	21	81	81	1.0	1/4	1/4	Chord	4/4	2	1	1/4		1/4	1	282									
21	21	82	82	1.0	1/2	1/2	Chord	4/4	2	1	1/4		1/4	1	283									
21	21	83	83	1.0	3/4	3/4	Chord	4/4	2	1	1/4		1/4	1	284									
22	22	84	84	0.0	0	0	Dynamic	4/4	1	1	0					mf								
22	22	253/3	253/3	0.3333333333333333	1/12	1/12	Chord	4/4	1	1	1/12		1/8	2/3	285							44		
22	22	254/3	254/3	0.3333333333333333	1/6	1/6	Chord	4/4	1	1	1/12		1/8	2/3	286									
22	22	85	85	0.6666666666666666	1/4	1/4	Chord	4/4	1	1	1/6		1/4	2/3	287							45		
22	22	257/3	257/3	0.3333333333333333	5/12	5/12	Chord	4/4	1	1	1/12		1/8	2/3	288									
22	22	86	86	0.3333333333333333	1/2	1/2	Chord	4/4	1	1	1/12		1/8	2/3	289							46		
22	22	259/3	259/3	0.3333333333333333	7/12	7/12	Chord	4/4	1	1	1/12		1/8	2/3	290							46		
22	22	260/3	260/3	0.3333333333333333	2/3	2/3	Chord	4/4	1	1	1/12		1/8	2/3	291									
22	22	87	87	0.6666666666666666	3/4	3/4	Chord	4/4	1	1	1/6		1/4	2/3	292							47		
22	22	263/3	263/3	0.3333333333333333	11/12	11/12	Chord	4/4	1	1	1/12		1/8	2/3	293									
22	22	84	84	1.0	0	0	Chord	4/4	2	1	1/4		1/4	1	294									
22	22	85	85	1.0	1/4	1/4	Chord	4/4	2	1	1/4		1/4	1	295									
22	22	260/3	260/3	0.3333333333333333	2/3	2/3	Chord	4/4	2	1	1/12		1/8	2/3	296							48		
22	22	87	87	0.3333333333333333	3/4	3/4	Chord	4/4	2	1	1/12		1/8	2/3	297							48		
22	22	262/3	262/3	0.3333333333333333	5/6	5/6	Chord	4/4	2	1	1/12		1/8	2/3	298							48		
22	22	263/3	263/3	0.3333333333333333	11/12	11/12	Chord	4/4	2	1	1/12		1/8	2/3	299									
22	22	86	86	1.0	1/2	1/2	Chord	4/4	2	2	1/4		1/4	1	300									
22	22	87	87	1.0	3/4	3/4	Chord	4/4	2	2	1/4		1/4	1	301									
23	23	265/3	265/3	0.3333333333333333	1/12	1/12	Chord	4/4	1	1	1/12		1/8	2/3	302							49		
23	23	266/3	266/3	0.3333333333333333	1/6	1/6	Chord	4/4	1	1	1/12		1/8	2/3	303									
23	23	89	89	0.6666666666666666	1/4	1/4	Chord	4/4	1	1	1/6		1/4	2/3	304							50		
23	23	269/3	269/3	0.3333333333333333	5/12	5/12	Chord	4/4	1	1	1/12		1/8	2/3	305									
23	23	90	90	0.3333333333333333	1/2	1/2	Chord	4/4	1	1	1/12		1/8	2/3	306							51		
23	23	271/3	271/3	0.3333333333333333	7/12	7/12	Chord	4/4	1	1	1/12		1/8	2/3	307							51		
23	23	272/3	272/3	0.3333333333333333	2/3	2/3	Chord	4/4	1	1	1/12		1/8	2/3	308									
23	23	91	91	0.6666666666666666	3/4	3/4	Chord	4/4	1	1	1/6		1/4	2/3	309							52		
23	23	275/3	275/3	0.3333333333333333	11/12	11/12	Chord	4/4	1	1	1/12		1/8	2/3	310									
23	23	88	88	1.0	0	0	Chord	4/4	2	1	1/4		1/4	1	311							53		
23	23	89	89	1.0	1/4	1/4	Chord	4/4	2	1	1/4		1/4	1	312									
23	23	272/3	272/3	0.3333333333333333	2/3	2/3	Chord	4/4	2	1	1/12		1/8	2/3	313							54		
23	23	91	91	0.3333333333333333	3/4	3/4	Chord	4/4	2	1	1/12		1/8	2/3	314							54		
23	23	274/3	274/3	0.3333333333333333	5/6	5/6	Chord	4/4	2	1	1/12		1/8	2/3	315							54		
23	23	275/3	275/3	0.3333333333333333	11/12	11/12	Chord	4/4	2	1	1/12		1/8	2/3	316									
23	23	88	88	0.0	0	0	Chord	4/4	2	2	0	acciaccatura	1/8	1	317									
23	23	88	88	2.0	0	0	Chord	4/4	2	2	1/2		1/2	1	318									
23	23	90	90	1.0	1/2	1/2	Chord	4/4	2	2	1/4		1/4	1	319									
23	23	91	91	1.0	3/4	3/4	Chord	4/4	2	2	1/4		1/4	1	320									
24	24	277/3	277/3	0.3333333333333333	1/12	1/12	Chord	4/4	1	1	1/12		1/8	2/3	321							55		
24	24	278/3	278/3	0.3333333333333333	1/6	1/6	Chord	4/4	1	1	1/12		1/8	2/3	322									
24	24	93	93	0.6666666666666666	1/4	1/4	Chord	4/4	1	1	1/6		1/4	2/3	323							56		
24	24	281/3	281/3	0.3333333333333333	5/12	5/12	Chord	4/4	1	1	1/12		1/8	2/3	324									
24	24	94	94	0.3333333333333333	1/2	1/2	Chord	4/4	1	1	1/12		1/8	2/3	325		articAccentAbove					57		
24	24	283/3	283/3	0.3333333333333333	7/12	7/12	Chord	4/4	1	1	1/12		1/8	2/3	326							57		
24	24	284/3	284/3	0.3333333333333333	2/3	2/3	Chord	4/4	1	1	1/12		1/8	2/3	327									
24	24	95	95	0.3333333333333333	3/4	3/4	Chord	4/4	1	1	1/12		1/8	2/3	328		articAccentAbove					58		
24	24	286/3	286/3	0.3333333333333333	5/6	5/6	Chord	4/4	1	1	1/12		1/8	2/3	329							58		
24	24	287/3	287/3	0.3333333333333333	11/12	11/12	Chord	4/4	1	1	1/12		1/8	2/3	330									
24	24	92	92	1.0	0	0	Chord	4/4	2	1	1/4		1/4	1	331							59		
24	24	93	93	1.0	1/4	1/4	Chord	4/4	2	1	1/4		1/4	1	332									
24	24	95	95	1.0	3/4	3/4	Chord	4/4	2	1	1/4		1/4	1	333									
24	24	92	92	0.0	0	0	Chord	4/4	2	2	0	acciaccatura	1/8	1	334									
24	24	92	92	2.0	0	0	Chord	4/4	2	2	1/2		1/2	1	335									
24	24	94	94	1.0	1/2	1/2	Chord	4/4	2	2	1/4		1/4	1	336									
25	25	289/3	289/3	0.3333333333333333	1/12	1/12	Chord	4/4	1	1	1/12		1/8	2/3	337							60		
25	25	290/3	290/3	0.3333333333333333	1/6	1/6	Chord	4/4	1	1	1/12		1/8	2/3	338									
25	25	97	97	0.3333333333333333	1/4	1/4	Chord	4/4	1	1	1/12		1/8	2/3	339							61		
25	25	292/3	292/3	0.3333333333333333	1/3	1/3	Chord	4/4	1	1	1/12		1/8	2/3	340							61		
25	25	293/3	293/3	0.3333333333333333	5/12	5/12	Chord	4/4	1	1	1/12		1/8	2/3	341									
25	25	98	98	0.3333333333333333	1/2	1/2	Chord	4/4	1	1	1/12		1/8	2/3	342							62		
25	25	295/3	295/3	0.3333333333333333	7/12	7/12	Chord	4/4	1	1	1/12		1/8	2/3	343							62		
25	25	296/3	296/3	0.3333333333333333	2/3	2/3	Chord	4/4	1	1	1/12		1/8	2/3	344									
25	25	99	99	0.6666666666666666	3/4	3/4	Chord	4/4	1	1	1/6		1/4	2/3	345							63		
25	25	299/3	299/3	0.3333333333333333	11/12	11/12	Chord	4/4	1	1	1/12		1/8	2/3	346									
25	25	96	96	1.0	0	0	Chord	4/4	2	1	1/4		1/4	1	347									
25	25	97	97	1.0	1/4	1/4	Chord	4/4	2	1	1/4		1/4	1	348									
25	25	98	98	1.0	1/2	1/2	Chord	4/4	2	1	1/4		1/4	1	349									
25	25	99	99	1.0	3/4	3/4	Chord	4/4	2	1	1/4		1/4	1	350									
26	26	301/3	301/3	0.3333333333333333	1/12	1/12	Chord	4/4	1	1	1/12		1/8	2/3	351							64		
26	26	302/3	302/3	0.3333333333333333	1/6	1/6	Chord	4/4	1	1	1/12		1/8	2/3	352									
26	26	101	101	0.6666666666666666	1/4	1/4	Chord	4/4	1	1	1/6		1/4	2/3	353							65		
26	26	305/3	305/3	0.3333333333333333	5/12	5/12	Chord	4/4	1	1	1/12		1/8	2/3	354									
26	26	102	102	0.3333333333333333	1/2	1/2	Chord	4/4	1	1	1/12		1/8	2/3	355							66		
26	26	307/3	307/3	0.3333333333333333	7/12	7/12	Chord	4/4	1	1	1/12		1/8	2/3	356							66		
26	26	308/3	308/3	0.3333333333333333	2/3	2/3	Chord	4/4	1	1	1/12		1/8	2/3	357									
26	26	103	103	0.6666666666666666	3/4	3/4	Chord	4/4	1	1	1/6		1/4	2/3	358							67		
26	26	311/3	311/3	0.3333333333333333	11/12	11/12	Chord	4/4	1	1	1/12		1/8	2/3	359									
26	26	100	100	1.0	0	0	Chord	4/4	2	1	1/4		1/4	1	360									
26	26	101	101	1.0	1/4	1/4	Chord	4/4	2	1	1/4		1/4	1	361									
26	26	308/3	308/3	0.3333333333333333	2/3	2/3	Chord	4/4	2	1	1/12		1/8	2/3	362							68		
26	26	103	103	0.3333333333333333	3/4	3/4	Chord	4/4	2	1	1/12		1/8	2/3	363							68		
26	26	310/3	310/3	0.3333333333333333	5/6	5/6	Chord	4/4	2	1	1/12		1/8	2/3	364							68		
26	26	311/3	311/3	0.3333333333333333	11/12	11/12	Chord	4/4	2	1	1/12		1/8	2/3	365									
26	26	102	102	1.0	1/2	1/2	Chord	4/4	2	2	1/4		1/4	1	366									
26	26	103	103	1.0	3/4	3/4	Chord	4/4	2	2	1/4		1/4	1	367									
27	27	313/3	313/3	0.3333333333333333	1/12	1/12	Chord	4/4	1	1	1/12		1/8	2/3	368							69		
27	27	314/3	314/3	0.3333333333333333	1/6	1/6	Chord	4/4	1	1	1/12		1/8	2/3	369							69		
27	27	105	105	0.6666666666666666	1/4	1/4	Chord	4/4	1	1	1/6		1/4	2/3	370							69		
27	27	317/3	317/3	0.3333333333333333	5/12	5/12	Chord	4/4	1	1	1/12		1/8	2/3	371									
27	27	106	106	0.3333333333333333	1/2	1/2	Chord	4/4	1	1	1/12		1/8	2/3	372							70		
27	27	319/3	319/3	0.3333333333333333	7/12	7/12	Chord	4/4	1	1	1/12		1/8	2/3	373							70		
27	27	320/3	320/3	0.3333333333333333	2/3	2/3	Chord	4/4	1	1	1/12		1/8	2/3	374									
27	27	107	107	0.6666666666666666	3/4	3/4	Chord	4/4	1	1	1/6		1/4	2/3	375							71		
27	27	323/3	323/3	0.3333333333333333	11/12	11/12	Chord	4/4	1	1	1/12		1/8	2/3	376									
27	27	104	104	1.0	0	0	Chord	4/4	2	1	1/4		1/4	1	377							72		
27	27	105	105	1.0	1/4	1/4	Chord	4/4	2	1	1/4		1/4	1	378									
27	27	320/3	320/3	0.3333333333333333	2/3	2/3	Chord	4/4	2	1	1/12		1/8	2/3	379							73		
27	27	107	107	0.3333333333333333	3/4	3/4	Chord	4/4	2	1	1/12		1/8	2/3	380							73		
27	27	322/3	322/3	0.3333333333333333	5/6	5/6	Chord	4/4	2	1	1/12		1/8	2/3	381							73		
27	27	323/3	323/3	0.3333333333333333	11/12	11/12	Chord	4/4	2	1	1/12		1/8	2/3	382									
27	27	104	104	0.0	0	0	Chord	4/4	2	2	0	acciaccatura	1/8	1	383									
27	27	104	104	2.0	0	0	Chord	4/4	2	2	1/2		1/2	1	384									
27	27	106	106	1.0	1/2	1/2	Chord	4/4	2	2	1/4		1/4	1	385									
27	27	107	107	1.0	3/4	3/4	Chord	4/4	2	2	1/4		1/4	1	386									
28	28	325/3	325/3	0.3333333333333333	1/12	1/12	Chord	4/4	1	1	1/12		1/8	2/3	387							74		
28	28	326/3	326/3	0.3333333333333333	1/6	1/6	Chord	4/4	1	1	1/12		1/8	2/3	388									
28	28	109	109	0.6666666666666666	1/4	1/4	Chord	4/4	1	1	1/6		1/4	2/3	389							75		
28	28	329/3	329/3	0.3333333333333333	5/12	5/12	Chord	4/4	1	1	1/12		1/8	2/3	390									
28	28	110	110	0.3333333333333333	1/2	1/2	Chord	4/4	1	1	1/12		1/8	2/3	391		articAccentAbove					76		
28	28	331/3	331/3	0.3333333333333333	7/12	7/12	Chord	4/4	1	1	1/12		1/8	2/3	392							76		
28	28	332/3	332/3	0.3333333333333333	2/3	2/3	Chord	4/4	1	1	1/12		1/8	2/3	393									
28	28	111	111	0.3333333333333333	3/4	3/4	Chord	4/4	1	1	1/12		1/8	2/3	394		articAccentAbove					77		
28	28	334/3	334/3	0.3333333333333333	5/6	5/6	Chord	4/4	1	1	1/12		1/8	2/3	395							77		
28	28	335/3	335/3	0.3333333333333333	11/12	11/12	Chord	4/4	1	1	1/12		1/8	2/3	396									
28	28	108	108	1.0	0	0	Chord	4/4	2	1	1/4		1/4	1	397							78		
28	28	109	109	1.0	1/4	1/4	Chord	4/4	2	1	1/4		1/4	1	398									
28	28	111	111	1.0	3/4	3/4	Chord	4/4	2	1	1/4		1/4	1	399									
28	28	108	108	0.0	0	0	Chord	4/4	2	2	0	acciaccatura	1/8	1	400									
28	28	108	108	2.0	0	0	Chord	4/4	2	2	1/2		1/2	1	401									
28	28	110	110	1.0	1/2	1/2	Chord	4/4	2	2	1/4		1/4	1	402									
29	29	337/3	337/3	0.0	1/12	1/12	Spanner	4/4	1	1	0													1
29	29	337/3	337/3	0.3333333333333333	1/12	1/12	Chord	4/4	1	1	1/12		1/8	2/3	403							79		1
29	29	338/3	338/3	0.3333333333333333	1/6	1/6	Chord	4/4	1	1	1/12		1/8	2/3	404									1
29	29	113	113	0.3333333333333333	1/4	1/4	Chord	4/4	1	1	1/12		1/8	2/3	405							80		1
29	29	340/3	340/3	0.3333333333333333	1/3	1/3	Chord	4/4	1	1	1/12		1/8	2/3	406							80		1
29	29	341/3	341/3	0.3333333333333333	5/12	5/12	Chord	4/4	1	1	1/12		1/8	2/3	407									1
29	29	114	114	0.3333333333333333	1/2	1/2	Chord	4/4	1	1	1/12		1/8	2/3	408							81		1
29	29	343/3	343/3	0.3333333333333333	7/12	7/12	Chord	4/4	1	1	1/12		1/8	2/3	409							81		1
29	29	344/3	344/3	0.0	2/3	2/3	Spanner	4/4	1	1	0													
29	29	344/3	344/3	0.3333333333333333	2/3	2/3	Chord	4/4	1	1	1/12		1/8	2/3	410									
29	29	115	115	0.6666666666666666	3/4	3/4	Chord	4/4	1	1	1/6		1/4	2/3	411							82		
29	29	347/3	347/3	0.3333333333333333	11/12	11/12	Chord	4/4	1	1	1/12		1/8	2/3	412									
29	29	112	112	1.0	0	0	Chord	4/4	2	1	1/4		1/4	1	413									
29	29	113	113	1.0	1/4	1/4	Chord	4/4	2	1	1/4		1/4	1	414									
29	29	114	114	1.0	1/2	1/2	Chord	4/4	2	1	1/4		1/4	1	415									
29	29	115	115	1.0	3/4	3/4	Chord	4/4	2	1	1/4		1/4	1	416									
30	30	349/3	349/3	0.3333333333333333	1/12	1/12	Chord	4/4	1	1	1/12		1/8	2/3	417							83		
30	30	350/3	350/3	0.3333333333333333	1/6	1/6	Chord	4/4	1	1	1/12		1/8	2/3	418									
30	30	117	117	0.6666666666666666	1/4	1/4	Chord	4/4	1	1	1/6		1/4	2/3	419							84		
30	30	353/3	353/3	0.3333333333333333	5/12	5/12	Chord	4/4	1	1	1/12		1/8	2/3	420									
30	30	118	118	0.5	1/2	1/2	Chord	4/4	1	1	1/8		1/8	1	421									
30	30	116	116	0.0	0	0	Dynamic	4/4	1	2	0					p								
30	30	116	116	2.0	0	0	Chord	4/4	1	2	1/2		1/2	1	422							85		
30	30	116	116	2.0	0	0	Chord	4/4	2	1	1/2		1/2	1	423									
30	30	118	118	0.3333333333333333	1/2	1/2	Chord	4/4	2	1	1/12		1/8	2/3	424							86		
30	30	355/3	355/3	0.3333333333333333	7/12	7/12	Chord	4/4	2	1	1/12		1/8	2/3	425							86		
30	30	356/3	356/3	0.3333333333333333	2/3	2/3	Chord	4/4	2	1	1/12		1/8	2/3	426							86		
30	30	119	119	0.6666666666666666	3/4	3/4	Chord	4/4	2	1	1/6		1/4	2/3	427							86		
30	30	359/3	359/3	0.3333333333333333	11/12	11/12	Chord	4/4	2	1	1/12		1/8	2/3	428									
30	30	116	116	2.0	0	0	Chord	4/4	2	2	1/2		1/2	1	429							87		
30	30	118	118	0.5	1/2	1/2	Chord	4/4	2	2	1/8		1/8	1	430									
31	31	361/3	361/3	0.3333333333333333	1/12	1/12	Chord	4/4	1	1	1/12		1/8	2/3	431							88		
31	31	362/3	362/3	0.3333333333333333	1/6	1/6	Chord	4/4	1	1	1/12		1/8	2/3	432									
31	31	121	121	0.6666666666666666	1/4	1/4	Chord	4/4	1	1	1/6		1/4	2/3	433							89		
31	31	365/3	365/3	0.3333333333333333	5/12	5/12	Chord	4/4	1	1	1/12		1/8	2/3	434									
31	31	122	122	0.5	1/2	1/2	Chord	4/4	1	1	1/8		1/8	1	435									
31	31	120	120	0.0	0	0	Dynamic	4/4	1	2	0					p								
31	31	120	120	2.0	0	0	Chord	4/4	1	2	1/2		1/2	1	436							90		
31	31	120	120	2.0	0	0	Chord	4/4	2	1	1/2		1/2	1	437									
31	31	122	122	0.0	1/2	1/2	Spanner	4/4	2	1	0												0	
31	31	122	122	0.3333333333333333	1/2	1/2	Chord	4/4	2	1	1/12		1/8	2/3	438							91	0	
31	31	367/3	367/3	0.3333333333333333	7/12	7/12	Chord	4/4	2	1	1/12		1/8	2/3	439							91	0	
31	31	368/3	368/3	0.3333333333333333	2/3	2/3	Chord	4/4	2	1	1/12		1/8	2/3	440							91	0	
31	31	123	123	0.6666666666666666	3/4	3/4	Chord	4/4	2	1	1/6		1/4	2/3	441							91	0	
31	31	371/3	371/3	0.3333333333333333	11/12	11/12	Chord	4/4	2	1	1/12		1/8	2/3	442								0	
31	31	120	120	2.0	0	0	Chord	4/4	2	2	1/2		1/2	1	443							92	0	
31	31	122	122	0.5	1/2	1/2	Chord	4/4	2	2	1/8		1/8	1	444								0	
32	32	124	124	0.0	0	0	StaffText	4/4	1	1	0							rit.						
32	32	124	124	0.6666666666666666	0	0	Chord	4/4	2	1	1/6		1/4	2/3	445							93	0	
32	32	374/3	374/3	0.3333333333333333	1/6	1/6	Chord	4/4	2	1	1/12		1/8	2/3	446								0	
32	32	125	125	0.6666666666666666	1/4	1/4	Chord	4/4	2	1	1/6		1/4	2/3	447							94	0	
32	32	377/3	377/3	0.0	5/12	5/12	Spanner	4/4	2	1	0													
32	32	377/3	377/3	0.3333333333333333	5/12	5/12	Chord	4/4	2	1	1/12		1/8	2/3	448									
32	32	126	126	0.0	1/2	1/2	Spanner	4/4	2	1	0													2
32	32	126	126	0.3333333333333333	1/2	1/2	Chord	4/4	2	1	1/12		1/8	2/3	449							95		2
32	32	379/3	379/3	0.3333333333333333	7/12	7/12	Chord	4/4	2	1	1/12		1/8	2/3	450							95		2
32	32	380/3	380/3	0.3333333333333333	2/3	2/3	Chord	4/4	2	1	1/12		1/8	2/3	451							95		2
32	32	127	127	0.3333333333333333	3/4	3/4	Chord	4/4	2	1	1/12		1/8	2/3	452							95		2
32	32	382/3	382/3	0.3333333333333333	5/6	5/6	Chord	4/4	2	1	1/12		1/8	2/3	453							95		2
32	32	383/3	383/3	0.3333333333333333	11/12	11/12	Chord	4/4	2	1	1/12		1/8	2/3	454							95		2
33	33	128	128	0.6666666666666666	0	0	Chord	4/4	2	1	1/6		1/4	2/3	455							95		2
33	33	386/3	386/3	0.3333333333333333	1/6	1/6	Chord	4/4	2	1	1/12		1/8	2/3	456							95		2
33	33	129	129	0.6666666666666666	1/4	1/4	Chord	4/4	2	1	1/6		1/4	2/3	457							95		2
33	33	389/3	389/3	0.3333333333333333	5/12	5/12	Chord	4/4	2	1	1/12		1/8	2/3	458							95		2
33	33	130	130	0.6666666666666666	1/2	1/2	Chord	4/4	2	1	1/6		1/4	2/3	459							95		2
33	33	392/3	392/3	0.3333333333333333	2/3	2/3	Chord	4/4	2	1	1/12		1/8	2/3	460							95		2
33	33	131	131	0.6666666666666666	3/4	3/4	Chord	4/4	2	1	1/6		1/4	2/3	461							95		2
33	33	395/3	395/3	0.0	11/12	11/12	Spanner	4/4	2	1	0													
33	33	395/3	395/3	0.3333333333333333	11/12	11/12	Chord	4/4	2	1	1/12		1/8	2/3	462									
34	34	132	132	0.0	0	0	Dynamic	4/4	1	1	0					p								
34	34	132	132	0.0	0	0	StaffText	4/4	1	1	0							a tempo						
34	34	133	133	2.0	1/4	1/4	Chord	4/4	1	1	1/2		1/2	1	463							96		
34	34	135	135	1.0	3/4	3/4	Chord	4/4	1	1	1/4		1/4	1	464							96		
34	34	132	132	2.0	0	0	Chord	4/4	1	2	1/2		1/2	1	465									
34	34	134	134	2.0	1/2	1/2	Chord	4/4	1	2	1/2		1/2	1	466									
34	34	132	132	2.0	0	0	Chord	4/4	2	1	1/2		1/2	1	467									
34	34	134	134	2.0	1/2	1/2	Chord	4/4	2	1	1/2		1/2	1	468									
35	35	136	136	0.5	0	0	Chord	4/4	1	1	1/8		1/8	1	469							96		
35	35	273/2	273/2	0.5	1/8	1/8	Chord	4/4	1	1	1/8		1/8	1	470							96		
35	35	137	137	0.5	1/4	1/4	Chord	4/4	1	1	1/8		1/8	1	471							96		
35	35	275/2	275/2	0.5	3/8	3/8	Chord	4/4	1	1	1/8		1/8	1	472									
35	35	138	138	1.5	1/2	1/2	Chord	4/4	1	1	3/8		1/4	3/2	473							97		
35	35	279/2	279/2	0.5	7/8	7/8	Chord	4/4	1	1	1/8		1/8	1	474							97		
35	35	136	136	1.0	0	0	Chord	4/4	1	2	1/4		1/4	1	475									
35	35	138	138	2.0	1/2	1/2	Chord	4/4	1	2	1/2		1/2	1	476									
35	35	136	136	1.0	0	0	Chord	4/4	2	1	1/4		1/4	1	477									
35	35	138	138	2.0	1/2	1/2	Chord	4/4	2	1	1/2		1/2	1	478							98		
35	35	138	138	1.0	1/2	1/2	Chord	4/4	2	2	1/4		1/4	1	479							99		
35	35	139	139	1.0	3/4	3/4	Chord	4/4	2	2	1/4		1/4	1	480							99		
36	36	140	140	1.0	0	0	Chord	4/4	1	1	1/4		1/4	1	481									
36	36	141	141	2.0	1/4	1/4	Chord	4/4	1	1	1/2		1/2	1	482		articAccentAbove					100		
36	36	143	143	1.0	3/4	3/4	Chord	4/4	1	1	1/4		1/4	1	483							100		
36	36	140	140	1.0	0	0	Chord	4/4	1	2	1/4		1/4	1	484									
36	36	142	142	2.0	1/2	1/2	Chord	4/4	1	2	1/2		1/2	1	485									
36	36	140	140	1.0	0	0	Chord	4/4	2	1	1/4		1/4	1	486									
36	36	142	142	2.0	1/2	1/2	Chord	4/4	2	1	1/2		1/2	1	487									
36	36	140	140	1.0	0	0	Chord	4/4	2	2	1/4		1/4	1	488									
37	37	144	144	0.5	0	0	Chord	4/4	1	1	1/8		1/8	1	489									
37	37	289/2	289/2	0.5	1/8	1/8	Chord	4/4	1	1	1/8		1/8	1	490							101		
37	37	145	145	0.5	1/4	1/4	Chord	4/4	1	1	1/8		1/8	1	491							101		
37	37	291/2	291/2	0.5	3/8	3/8	Chord	4/4	1	1	1/8		1/8	1	492									
37	37	146	146	1.0	1/2	1/2	Chord	4/4	1	1	1/4		1/4	1	493							102		
37	37	147	147	1.0	3/4	3/4	Chord	4/4	1	1	1/4		1/4	1	494									
37	37	144	144	1.0	0	0	Chord	4/4	1	2	1/4		1/4	1	495									
37	37	145	145	1.0	1/4	1/4	Chord	4/4	1	2	1/4		1/4	1	496									
37	37	146	146	2.0	1/2	1/2	Chord	4/4	1	2	1/2		1/2	1	497									
37	37	145	145	1.0	1/4	1/4	Chord	4/4	2	1	1/4		1/4	1	498									
37	37	146	146	2.0	1/2	1/2	Chord	4/4	2	1	1/2		1/2	1	499									
37	37	144	144	2.0	0	0	Chord	4/4	2	2	1/2		1/2	1	500									
37	37	146	146	2.0	1/2	1/2	Chord	4/4	2	2	1/2		1/2	1	501									
38	38	148	148	0.0	0	0	StaffText	4/4	1	1	0							poco cresc.						
38	38	445/3	445/3	0.3333333333333333	1/12	1/12	Chord	4/4	1	1	1/12		1/8	2/3	502		articTenutoBelow							
38	38	446/3	446/3	0.3333333333333333	1/6	1/6	Chord	4/4	1	1	1/12		1/8	2/3	503		articTenutoBelow							
38	38	149	149	0.3333333333333333	1/4	1/4	Chord	4/4	1	1	1/12		1/8	2/3	504		articTenutoAbove							
38	38	448/3	448/3	0.3333333333333333	1/3	1/3	Chord	4/4	1	1	1/12		1/8	2/3	505		articTenutoAbove							
38	38	449/3	449/3	0.3333333333333333	5/12	5/12	Chord	4/4	1	1	1/12		1/8	2/3	506		articTenutoAbove							
38	38	150	150	2.0	1/2	1/2	Chord	4/4	1	1	1/2		1/2	1	507		articAccentAbove							
38	38	149	149	1.0	1/4	1/4	Chord	4/4	2	1	1/4		1/4	1	508									
38	38	151	151	1.0	3/4	3/4	Chord	4/4	2	1	1/4		1/4	1	509									
38	38	148	148	2.0	0	0	Chord	4/4	2	2	1/2		1/2	1	510									
38	38	150	150	2.0	1/2	1/2	Chord	4/4	2	2	1/2		1/2	1	511									
39	39	152	152	0.3333333333333333	0	0	Chord	4/4	1	1	1/12		1/8	2/3	512									
39	39	457/3	457/3	0.3333333333333333	1/12	1/12	Chord	4/4	1	1	1/12		1/8	2/3	513		articTenutoAbove							
39	39	458/3	458/3	0.3333333333333333	1/6	1/6	Chord	4/4	1	1	1/12		1/8	2/3	514		articTenutoAbove							
39	39	153	153	0.3333333333333333	1/4	1/4	Chord	4/4	1	1	1/12		1/8	2/3	515		articTenutoAbove							
39	39	460/3	460/3	0.3333333333333333	1/3	1/3	Chord	4/4	1	1	1/12		1/8	2/3	516		articTenutoAbove							
39	39	461/3	461/3	0.3333333333333333	5/12	5/12	Chord	4/4	1	1	1/12		1/8	2/3	517		articTenutoAbove							
39	39	154	154	1.5	1/2	1/2	Chord	4/4	1	1	3/8		1/4	3/2	518		articAccentAbove					103		
39	39	311/2	311/2	0.5	7/8	7/8	Chord	4/4	1	1	1/8		1/8	1	519									
39	39	153	153	1.0	1/4	1/4	Chord	4/4	2	1	1/4		1/4	1	520									
39	39	155	155	1.0	3/4	3/4	Chord	4/4	2	1	1/4		1/4	1	521									
39	39	152	152	2.0	0	0	Chord	4/4	2	2	1/2		1/2	1	522									
39	39	154	154	2.0	1/2	1/2	Chord	4/4	2	2	1/2		1/2	1	523									
40	40	156	156	0.0	0	0	Spanner	4/4	1	1	0													3
40	40	156	156	0.3333333333333333	0	0	Chord	4/4	1	1	1/12		1/8	2/3	524							104		3
40	40	469/3	469/3	0.3333333333333333	1/12	1/12	Chord	4/4	1	1	1/12		1/8	2/3	525							104		3
40	40	470/3	470/3	0.3333333333333333	1/6	1/6	Chord	4/4	1	1	1/12		1/8	2/3	526									3
40	40	157	157	0.0	1/4	1/4	Chord	4/4	1	1	0	grace16	1/16	2/3	527									3
40	40	157	157	0.0	1/4	1/4	Chord	4/4	1	1	0	grace16	1/16	2/3	528									3
40	40	157	157	0.3333333333333333	1/4	1/4	Chord	4/4	1	1	1/12		1/8	2/3	529							105		3
40	40	472/3	472/3	0.3333333333333333	1/3	1/3	Chord	4/4	1	1	1/12		1/8	2/3	530							105		3
40	40	473/3	473/3	0.3333333333333333	5/12	5/12	Chord	4/4	1	1	1/12		1/8	2/3	531							106		3
40	40	158	158	1.0	1/2	1/2	Chord	4/4	1	1	1/4		1/4	1	532		articAccentAbove					106		3
40	40	159	159	0.3333333333333333	3/4	3/4	Chord	4/4	1	1	1/12		1/8	2/3	533							106		3
40	40	478/3	478/3	0.3333333333333333	5/6	5/6	Chord	4/4	1	1	1/12		1/8	2/3	534							106		3
40	40	479/3	479/3	0.3333333333333333	11/12	11/12	Chord	4/4	1	1	1/12		1/8	2/3	535							106		3
40	40	156	156	1.0	0	0	Chord	4/4	2	1	1/4		1/4	1	536									
40	40	157	157	1.0	1/4	1/4	Chord	4/4	2	1	1/4		1/4	1	537									
40	40	158	158	1.0	1/2	1/2	Chord	4/4	2	1	1/4		1/4	1	538									
40	40	159	159	1.0	3/4	3/4	Chord	4/4	2	1	1/4		1/4	1	539									
41	41	160	160	0.0	0	0	StaffText	4/4	1	1	0							dim.						
41	41	160	160	0.0	0	0	Spanner	4/4	1	1	0													
41	41	160	160	0.3333333333333333	0	0	Chord	4/4	1	1	1/12		1/8	2/3	540									
41	41	481/3	481/3	0.3333333333333333	1/12	1/12	Chord	4/4	1	1	1/12		1/8	2/3	541		articAccentAbove					107		
41	41	482/3	482/3	0.3333333333333333	1/6	1/6	Chord	4/4	1	1	1/12		1/8	2/3	542							107		
41	41	161	161	0.3333333333333333	1/4	1/4	Chord	4/4	1	1	1/12		1/8	2/3	543							107		
41	41	484/3	484/3	0.3333333333333333	1/3	1/3	Chord	4/4	1	1	1/12		1/8	2/3	544		articAccentAbove					107		
41	41	485/3	485/3	0.3333333333333333	5/12	5/12	Chord	4/4	1	1	1/12		1/8	2/3	545							107		
41	41	162	162	0.3333333333333333	1/2	1/2	Chord	4/4	1	1	1/12		1/8	2/3	546							107		
41	41	487/3	487/3	0.3333333333333333	7/12	7/12	Chord	4/4	1	1	1/12		1/8	2/3	547		articAccentBelow					107		
41	41	488/3	488/3	0.3333333333333333	2/3	2/3	Chord	4/4	1	1	1/12		1/8	2/3	548							107		
41	41	163	163	0.6666666666666666	3/4	3/4	Chord	4/4	1	1	1/6		1/4	2/3	549							107		
41	41	491/3	491/3	0.0	11/12	11/12	Chord	4/4	1	1	0	grace16	1/16	2/3	550									
41	41	491/3	491/3	0.0	11/12	11/12	Chord	4/4	1	1	0	grace16	1/16	2/3	551									
41	41	491/3	491/3	0.3333333333333333	11/12	11/12	Chord	4/4	1	1	1/12		1/8	2/3	552									
41	41	160	160	1.0	0	0	Chord	4/4	2	1	1/4		1/4	1	553									
41	41	161	161	1.0	1/4	1/4	Chord	4/4	2	1	1/4		1/4	1	554									
41	41	162	162	1.0	1/2	1/2	Chord	4/4	2	1	1/4		1/4	1	555									
41	41	163	163	1.0	3/4	3/4	Chord	4/4	2	1	1/4		1/4	1	556									
42	42	164	164	0.0	0	0	Dynamic	4/4	1	1	0					p								
42	42	164	164	1.0	0	0	Chord	4/4	1	1	1/4		1/4	1	557									
42	42	165	165	0.0	1/4	1/4	StaffText	4/4	1	1	0							marcato						
42	42	331/2	331/2	0.5	3/8	3/8	Chord	4/4	1	1	1/8		1/8	1	558							108		
42	42	166	166	0.5	1/2	1/2	Chord	4/4	1	1	1/8		1/8	1	559							108		
42	42	333/2	333/2	1.0	5/8	5/8	Chord	4/4	1	1	1/4		1/4	1	560							108		
42	42	335/2	335/2	0.5	7/8	7/8	Chord	4/4	1	1	1/8		1/8	1	561							108		
42	42	165	165	2.0	1/4	1/4	Chord	4/4	2	1	1/2		1/2	1	562							109		
42	42	167	167	1.0	3/4	3/4	Chord	4/4	2	1	1/4		1/4	1	563							109		
42	42	164	164	2.0	0	0	Chord	4/4	2	2	1/2		1/2	1	564									
42	42	166	166	2.0	1/2	1/2	Chord	4/4	2	2	1/2		1/2	1	565									
43	43	168	168	0.5	0	0	Chord	4/4	1	1	1/8		1/8	1	566							108		
43	43	337/2	337/2	1.0	1/8	1/8	Chord	4/4	1	1	1/4		1/4	1	567							108		
43	43	339/2	339/2	0.5	3/8	3/8	Chord	4/4	1	1	1/8		1/8	1	568							108		
43	43	170	170	0.5	1/2	1/2	Chord	4/4	1	1	1/8		1/8	1	569							108		
43	43	341/2	341/2	0.5	5/8	5/8	Chord	4/4	1	1	1/8		1/8	1	570							108		
43	43	171	171	0.5	3/4	3/4	Chord	4/4	1	1	1/8		1/8	1	571							108		
43	43	343/2	343/2	0.5	7/8	7/8	Chord	4/4	1	1	1/8		1/8	1	572							108		
43	43	168	168	0.5	0	0	Chord	4/4	2	1	1/8		1/8	1	573							109		
43	43	337/2	337/2	0.5	1/8	1/8	Chord	4/4	2	1	1/8		1/8	1	574							109		
43	43	169	169	0.5	1/4	1/4	Chord	4/4	2	1	1/8		1/8	1	575							109		
43	43	339/2	339/2	0.5	3/8	3/8	Chord	4/4	2	1	1/8		1/8	1	576									
43	43	170	170	1.5	1/2	1/2	Chord	4/4	2	1	3/8		1/4	3/2	577							110		
43	43	343/2	343/2	0.5	7/8	7/8	Chord	4/4	2	1	1/8		1/8	1	578							110		
43	43	168	168	1.0	0	0	Chord	4/4	2	2	1/4		1/4	1	579									
43	43	170	170	2.0	1/2	1/2	Chord	4/4	2	2	1/2		1/2	1	580									
44	44	172	172	0.5	0	0	Chord	4/4	1	1	1/8		1/8	1	581									
44	44	345/2	345/2	1.0	1/8	1/8	Chord	4/4	1	1	1/4		1/4	1	582							111		
44	44	347/2	347/2	1.0	3/8	3/8	Chord	4/4	1	1	1/4		1/4	1	583							111		
44	44	349/2	349/2	1.0	5/8	5/8	Chord	4/4	1	1	1/4		1/4	1	584							111		
44	44	351/2	351/2	0.5	7/8	7/8	Chord	4/4	1	1	1/8		1/8	1	585							111		
44	44	172	172	0.5	0	0	Chord	4/4	2	1	1/8		1/8	1	586									
44	44	173	173	2.0	1/4	1/4	Chord	4/4	2	1	1/2		1/2	1	587		articAccentAbove					112		
44	44	175	175	1.0	3/4	3/4	Chord	4/4	2	1	1/4		1/4	1	588							112		
44	44	172	172	1.0	0	0	Chord	4/4	2	2	1/4		1/4	1	589									
44	44	174	174	2.0	1/2	1/2	Chord	4/4	2	2	1/2		1/2	1	590									
45	45	176	176	0.5	0	0	Chord	4/4	1	1	1/8		1/8	1	591							111		
45	45	353/2	353/2	0.5	1/8	1/8	Chord	4/4	1	1	1/8		1/8	1	592							111		
45	45	177	177	0.5	1/4	1/4	Chord	4/4	1	1	1/8		1/8	1	593							111		
45	45	355/2	355/2	0.5	3/8	3/8	Chord	4/4	1	1	1/8		1/8	1	594							111		
45	45	178	178	0.5	1/2	1/2	Chord	4/4	1	1	1/8		1/8	1	595							111		
45	45	357/2	357/2	1.0	5/8	5/8	Chord	4/4	1	1	1/4		1/4	1	596							111		
45	45	359/2	359/2	0.5	7/8	7/8	Chord	4/4	1	1	1/8		1/8	1	597									
45	45	176	176	0.5	0	0	Chord	4/4	2	1	1/8		1/8	1	598									
45	45	353/2	353/2	0.5	1/8	1/8	Chord	4/4	2	1	1/8		1/8	1	599							113		
45	45	177	177	0.5	1/4	1/4	Chord	4/4	2	1	1/8		1/8	1	600							113		
45	45	355/2	355/2	0.5	3/8	3/8	Chord	4/4	2	1	1/8		1/8	1	601									
45	45	178	178	1.0	1/2	1/2	Chord	4/4	2	1	1/4		1/4	1	602							114		
45	45	179	179	1.0	3/4	3/4	Chord	4/4	2	1	1/4		1/4	1	603									
45	45	176	176	0.5	0	0	Chord	4/4	2	2	1/8		1/8	1	604									
45	45	178	178	2.0	1/2	1/2	Chord	4/4	2	2	1/2		1/2	1	605									
46	46	541/3	541/3	0.0	1/12	1/12	StaffText	4/4	1	1	0							poco più						
46	46	541/3	541/3	0.3333333333333333	1/12	1/12	Chord	4/4	1	1	1/12		1/8	2/3	606		articTenutoAbove							
46	46	542/3	542/3	0.3333333333333333	1/6	1/6	Chord	4/4	1	1	1/12		1/8	2/3	607		articTenutoAbove							
46	46	181	181	0.3333333333333333	1/4	1/4	Chord	4/4	1	1	1/12		1/8	2/3	608		articTenutoAbove							
46	46	544/3	544/3	0.3333333333333333	1/3	1/3	Chord	4/4	1	1	1/12		1/8	2/3	609		articTenutoAbove							
46	46	545/3	545/3	0.3333333333333333	5/12	5/12	Chord	4/4	1	1	1/12		1/8	2/3	610		articTenutoAbove							
46	46	182	182	2.0	1/2	1/2	Chord	4/4	1	1	1/2		1/2	1	611									
46	46	181	181	0.0	1/4	1/4	Dynamic	4/4	2	1	0					f								
46	46	181	181	1.0	1/4	1/4	Chord	4/4	2	1	1/4		1/4	1	612		articAccentAbove							
46	46	182	182	0.3333333333333333	1/2	1/2	Chord	4/4	2	1	1/12		1/8	2/3	613							115		
46	46	547/3	547/3	0.3333333333333333	7/12	7/12	Chord	4/4	2	1	1/12		1/8	2/3	614							115		
46	46	548/3	548/3	0.3333333333333333	2/3	2/3	Chord	4/4	2	1	1/12		1/8	2/3	615							115		
46	46	183	183	0.6666666666666666	3/4	3/4	Chord	4/4	2	1	1/6		1/4	2/3	616							115		
46	46	551/3	551/3	0.3333333333333333	11/12	11/12	Chord	4/4	2	1	1/12		1/8	2/3	617									
46	46	180	180	2.0	0	0	Chord	4/4	2	2	1/2		1/2	1	618									
46	46	182	182	2.0	1/2	1/2	Chord	4/4	2	2	1/2		1/2	1	619									
47	47	553/3	553/3	0.3333333333333333	1/12	1/12	Chord	4/4	1	1	1/12		1/8	2/3	620		articTenutoBelow							
47	47	554/3	554/3	0.3333333333333333	1/6	1/6	Chord	4/4	1	1	1/12		1/8	2/3	621		articTenutoBelow							
47	47	185	185	0.3333333333333333	1/4	1/4	Chord	4/4	1	1	1/12		1/8	2/3	622		articTenutoAbove							
47	47	556/3	556/3	0.3333333333333333	1/3	1/3	Chord	4/4	1	1	1/12		1/8	2/3	623		articTenutoAbove							
47	47	557/3	557/3	0.3333333333333333	5/12	5/12	Chord	4/4	1	1	1/12		1/8	2/3	624		articTenutoAbove							
47	47	186	186	2.0	1/2	1/2	Chord	4/4	1	1	1/2		1/2	1	625									
47	47	184	184	1.0	0	0	Chord	4/4	2	1	1/4		1/4	1	626							116		
47	47	185	185	1.0	1/4	1/4	Chord	4/4	2	1	1/4		1/4	1	627							116		
47	47	186	186	0.3333333333333333	1/2	1/2	Chord	4/4	2	1	1/12		1/8	2/3	628							116		
47	47	559/3	559/3	0.3333333333333333	7/12	7/12	Chord	4/4	2	1	1/12		1/8	2/3	629							116		
47	47	560/3	560/3	0.3333333333333333	2/3	2/3	Chord	4/4	2	1	1/12		1/8	2/3	630							116		
47	47	187	187	0.6666666666666666	3/4	3/4	Chord	4/4	2	1	1/6		1/4	2/3	631							116		
47	47	563/3	563/3	0.3333333333333333	11/12	11/12	Chord	4/4	2	1	1/12		1/8	2/3	632									
47	47	184	184	2.0	0	0	Chord	4/4	2	2	1/2		1/2	1	633									
47	47	186	186	2.0	1/2	1/2	Chord	4/4	2	2	1/2		1/2	1	634									
48	48	565/3	565/3	0.0	1/12	1/12	StaffText	4/4	1	1	0							dim.						
48	48	565/3	565/3	0.3333333333333333	1/12	1/12	Chord	4/4	1	1	1/12		1/8	2/3	635		articStaccatoBelow					117		
48	48	566/3	566/3	0.3333333333333333	1/6	1/6	Chord	4/4	1	1	1/12		1/8	2/3	636		articStaccatoBelow					117		
48	48	189	189	0.3333333333333333	1/4	1/4	Chord	4/4	1	1	1/12		1/8	2/3	637		articStaccatoBelow					117		
48	48	568/3	568/3	0.3333333333333333	1/3	1/3	Chord	4/4	1	1	1/12		1/8	2/3	638		articStaccatoBelow					117		
48	48	569/3	569/3	0.3333333333333333	5/12	5/12	Chord	4/4	1	1	1/12		1/8	2/3	639							117		
48	48	190	190	0.3333333333333333	1/2	1/2	Chord	4/4	1	1	1/12		1/8	2/3	640							118		
48	48	571/3	571/3	0.3333333333333333	7/12	7/12	Chord	4/4	1	1	1/12		1/8	2/3	641		articAccentBelow					118		
48	48	572/3	572/3	0.3333333333333333	2/3	2/3	Chord	4/4	1	1	1/12		1/8	2/3	642							118		
48	48	191	191	0.3333333333333333	3/4	3/4	Chord	4/4	1	1	1/12		1/8	2/3	643							118		
48	48	574/3	574/3	0.3333333333333333	5/6	5/6	Chord	4/4	1	1	1/12		1/8	2/3	644		articAccentBelow					118		
48	48	575/3	575/3	0.3333333333333333	11/12	11/12	Chord	4/4	1	1	1/12		1/8	2/3	645							118		
48	48	188	188	1.0	0	0	Chord	4/4	2	1	1/4		1/4	1	646							119		
48	48	189	189	1.0	1/4	1/4	Chord	4/4	2	1	1/4		1/4	1	647									
48	48	191	191	1.0	3/4	3/4	Chord	4/4	2	1	1/4		1/4	1	648									
48	48	188	188	0.0	0	0	Chord	4/4	2	2	0	acciaccatura	1/8	1	649									
48	48	188	188	2.0	0	0	Chord	4/4	2	2	1/2		1/2	1	650									
48	48	190	190	1.0	1/2	1/2	Chord	4/4	2	2	1/4		1/4	1	651									
49	49	192	192	0.3333333333333333	0	0	Chord	4/4	1	1	1/12		1/8	2/3	652							118		
49	49	577/3	577/3	0.3333333333333333	1/12	1/12	Chord	4/4	1	1	1/12		1/8	2/3	653		articAccentBelow					118		
49	49	578/3	578/3	0.3333333333333333	1/6	1/6	Chord	4/4	1	1	1/12		1/8	2/3	654							118		
49	49	193	193	0.3333333333333333	1/4	1/4	Chord	4/4	1	1	1/12		1/8	2/3	655							118		
49	49	580/3	580/3	0.3333333333333333	1/3	1/3	Chord	4/4	1	1	1/12		1/8	2/3	656		articAccentBelow					118		
49	49	581/3	581/3	0.3333333333333333	5/12	5/12	Chord	4/4	1	1	1/12		1/8	2/3	657							118		
49	49	194	194	0.6666666666666666	1/2	1/2	Chord	4/4	1	1	1/6		1/4	2/3	658							118, 120		
49	49	584/3	584/3	0.3333333333333333	2/3	2/3	Chord	4/4	1	1	1/12		1/8	2/3	659							118		
49	49	195	195	0.6666666666666666	3/4	3/4	Chord	4/4	1	1	1/6		1/4	2/3	660							118, 121		
49	49	587/3	587/3	0.3333333333333333	11/12	11/12	Chord	4/4	1	1	1/12		1/8	2/3	661									
49	49	194	194	2.0	1/2	1/2	Chord	4/4	1	2	1/2		1/2	1	662									
49	49	192	192	1.0	0	0	Chord	4/4	2	1	1/4		1/4	1	663									
49	49	193	193	1.0	1/4	1/4	Chord	4/4	2	1	1/4		1/4	1	664									
49	49	194	194	2.0	1/2	1/2	Chord	4/4	2	1	1/2		1/2	1	665									
50	50	196	196	0.0	0	0	Dynamic	4/4	1	1	0					pp								
50	50	589/3	589/3	0.3333333333333333	1/12	1/12	Chord	4/4	1	1	1/12		1/8	2/3	666							122		
50	50	590/3	590/3	0.3333333333333333	1/6	1/6	Chord	4/4	1	1	1/12		1/8	2/3	667							122		
50	50	197	197	0.3333333333333333	1/4	1/4	Chord	4/4	1	1	1/12		1/8	2/3	668							122		
50	50	592/3	592/3	0.3333333333333333	1/3	1/3	Chord	4/4	1	1	1/12		1/8	2/3	669							122		
50	50	593/3	593/3	0.3333333333333333	5/12	5/12	Chord	4/4	1	1	1/12		1/8	2/3	670									
50	50	198	198	0.6666666666666666	1/2	1/2	Chord	4/4	1	1	1/6		1/4	2/3	671							123		
50	50	596/3	596/3	0.3333333333333333	2/3	2/3	Chord	4/4	1	1	1/12		1/8	2/3	672									
50	50	199	199	0.6666666666666666	3/4	3/4	Chord	4/4	1	1	1/6		1/4	2/3	673							124		
50	50	599/3	599/3	0.3333333333333333	11/12	11/12	Chord	4/4	1	1	1/12		1/8	2/3	674									
50	50	198	198	2.0	1/2	1/2	Chord	4/4	1	2	1/2		1/2	1	675									
50	50	196	196	2.0	0	0	Chord	4/4	2	1	1/2		1/2	1	676									
50	50	198	198	2.0	1/2	1/2	Chord	4/4	2	1	1/2		1/2	1	677									
51	51	601/3	601/3	0.3333333333333333	1/12	1/12	Chord	4/4	1	1	1/12		1/8	2/3	678							125		
51	51	602/3	602/3	0.3333333333333333	1/6	1/6	Chord	4/4	1	1	1/12		1/8	2/3	679							125		
51	51	201	201	1.0	1/4	1/4	Chord	4/4	1	1	1/4		1/4	1	680							125		
51	51	202	202	0.3333333333333333	1/2	1/2	Chord	4/4	1	1	1/12		1/8	2/3	681							125		
51	51	607/3	607/3	0.3333333333333333	7/12	7/12	Chord	4/4	1	1	1/12		1/8	2/3	682							125		
51	51	608/3	608/3	0.3333333333333333	2/3	2/3	Chord	4/4	1	1	1/12		1/8	2/3	683							125		
51	51	203	203	1.0	3/4	3/4	Chord	4/4	1	1	1/4		1/4	1	684									
51	51	202	202	2.0	1/2	1/2	Chord	4/4	1	2	1/2		1/2	1	685									
51	51	200	200	2.0	0	0	Chord	4/4	2	1	1/2		1/2	1	686									
51	51	202	202	2.0	1/2	1/2	Chord	4/4	2	1	1/2		1/2	1	687									
52	52	613/3	613/3	0.3333333333333333	1/12	1/12	Chord	4/4	1	1	1/12		1/8	2/3	688							126		
52	52	614/3	614/3	0.3333333333333333	1/6	1/6	Chord	4/4	1	1	1/12		1/8	2/3	689							126		
52	52	205	205	0.3333333333333333	1/4	1/4	Chord	4/4	1	1	1/12		1/8	2/3	690							126		
52	52	616/3	616/3	0.3333333333333333	1/3	1/3	Chord	4/4	1	1	1/12		1/8	2/3	691							126		
52	52	617/3	617/3	0.3333333333333333	5/12	5/12	Chord	4/4	1	1	1/12		1/8	2/3	692									
52	52	206	206	0.6666666666666666	1/2	1/2	Chord	4/4	1	1	1/6		1/4	2/3	693							127		
52	52	620/3	620/3	0.3333333333333333	2/3	2/3	Chord	4/4	1	1	1/12		1/8	2/3	694									
52	52	207	207	0.6666666666666666	3/4	3/4	Chord	4/4	1	1	1/6		1/4	2/3	695							128		
52	52	623/3	623/3	0.3333333333333333	11/12	11/12	Chord	4/4	1	1	1/12		1/8	2/3	696									
52	52	206	206	2.0	1/2	1/2	Chord	4/4	1	2	1/2		1/2	1	697									
52	52	204	204	2.0	0	0	Chord	4/4	2	1	1/2		1/2	1	698									
52	52	206	206	2.0	1/2	1/2	Chord	4/4	2	1	1/2		1/2	1	699									
53	53	625/3	625/3	0.3333333333333333	1/12	1/12	Chord	4/4	1	1	1/12		1/8	2/3	700							129		
53	53	626/3	626/3	0.3333333333333333	1/6	1/6	Chord	4/4	1	1	1/12		1/8	2/3	701							129		
53	53	209	209	1.0	1/4	1/4	Chord	4/4	1	1	1/4		1/4	1	702							129		
53	53	210	210	0.3333333333333333	1/2	1/2	Chord	4/4	1	1	1/12		1/8	2/3	703							130		
53	53	631/3	631/3	0.3333333333333333	7/12	7/12	Chord	4/4	1	1	1/12		1/8	2/3	704							130		
53	53	632/3	632/3	0.3333333333333333	2/3	2/3	Chord	4/4	1	1	1/12		1/8	2/3	705							130		
53	53	211	211	1.0	3/4	3/4	Chord	4/4	1	1	1/4		1/4	1	706									
53	53	208	208	2.0	0	0	Chord	4/4	2	1	1/2		1/2	1	707									
53	53	210	210	2.0	1/2	1/2	Chord	4/4	2	1	1/2		1/2	1	708									
54	54	637/3	637/3	0.3333333333333333	1/12	1/12	Chord	4/4	1	1	1/12		1/8	2/3	709							131		
54	54	638/3	638/3	0.3333333333333333	1/6	1/6	Chord	4/4	1	1	1/12		1/8	2/3	710							131		
54	54	213	213	1.0	1/4	1/4	Chord	4/4	1	1	1/4		1/4	1	711							131		
54	54	214	214	0.3333333333333333	1/2	1/2	Chord	4/4	1	1	1/12		1/8	2/3	712									
54	54	643/3	643/3	0.0	7/12	7/12	StaffText	4/4	1	1	0							marendo						
54	54	643/3	643/3	0.3333333333333333	7/12	7/12	Chord	4/4	1	1	1/12		1/8	2/3	713							132		
54	54	644/3	644/3	0.3333333333333333	2/3	2/3	Chord	4/4	1	1	1/12		1/8	2/3	714							132		
54	54	215	215	1.0	3/4	3/4	Chord	4/4	1	1	1/4		1/4	1	715							132		
54	54	212	212	2.0	0	0	Chord	4/4	2	1	1/2		1/2	1	716									
54	54	214	214	2.0	1/2	1/2	Chord	4/4	2	1	1/2		1/2	1	717									
55	55	216	216	0.6666666666666666	0	0	Chord	4/4	1	1	1/6		1/4	2/3	718							133		
55	55	650/3	650/3	0.3333333333333333	1/6	1/6	Chord	4/4	1	1	1/12		1/8	2/3	719									
55	55	217	217	0.6666666666666666	1/4	1/4	Chord	4/4	1	1	1/6		1/4	2/3	720							134		
55	55	653/3	653/3	0.3333333333333333	5/12	5/12	Chord	4/4	1	1	1/12		1/8	2/3	721									
55	55	218	218	0.6666666666666666	1/2	1/2	Chord	4/4	1	1	1/6		1/4	2/3	722							135		
55	55	656/3	656/3	0.3333333333333333	2/3	2/3	Chord	4/4	1	1	1/12		1/8	2/3	723									
55	55	219	219	0.6666666666666666	3/4	3/4	Chord	4/4	1	1	1/6		1/4	2/3	724							136		
55	55	659/3	659/3	0.3333333333333333	11/12	11/12	Chord	4/4	1	1	1/12		1/8	2/3	725									
55	55	216	216	2.0	0	0	Chord	4/4	2	1	1/2		1/2	1	726									
55	55	218	218	0.5	1/2	1/2	Chord	4/4	2	1	1/8		1/8	1	727									
56	56	220	220	1.0	0	0	Chord	4/4	1	1	1/4		1/4	1	728		articAccentAbove					137		
56	56	221	221	0.6666666666666666	1/4	1/4	Chord	4/4	1	1	1/6		1/4	2/3	729							137		
56	56	665/3	665/3	0.3333333333333333	5/12	5/12	Chord	4/4	1	1	1/12		1/8	2/3	730							137		
56	56	222	222	0.0	1/2	1/2	Dynamic	4/4	1	1	0					other-dynamics								
56	56	222	222	2.0	1/2	1/2	Chord	4/4	1	1	1/2		1/2	1	731									
