mc	mn	quarterbeats	quarterbeats_all_endings	duration_qb	mc_onset	mn_onset	timesig	staff	voice	duration	gracenote	nominal_duration	scalar	tied	tpc	midi	name	octave	chord_id
1	1	0	0	2.0	0	0	4/4	2	1	1/2		1/2	1		2	50	D3	3	4
1	1	0	0	2.0	0	0	4/4	2	1	1/2		1/2	1		3	57	A3	3	4
1	1	0	0	2.0	0	0	4/4	2	1	1/2		1/2	1		2	62	D4	4	4
1	1	0	0	2.0	0	0	4/4	1	2	1/2		1/2	1		-1	65	F4	4	2
1	1	0	0	2.0	0	0	4/4	1	2	1/2		1/2	1		3	69	A4	4	2
1	1	1	1	2.0	1/4	1/4	4/4	1	1	1/2		1/2	1		-1	77	F5	5	0
1	1	2	2	2.0	1/2	1/2	4/4	2	1	1/2		1/2	1		2	50	D3	3	5
1	1	2	2	2.0	1/2	1/2	4/4	2	1	1/2		1/2	1		3	57	A3	3	5
1	1	2	2	2.0	1/2	1/2	4/4	2	1	1/2		1/2	1		7	61	C#4	4	5
1	1	2	2	2.0	1/2	1/2	4/4	1	2	1/2		1/2	1		1	67	G4	4	3
1	1	2	2	2.0	1/2	1/2	4/4	1	2	1/2		1/2	1		3	69	A4	4	3
1	1	3	3	1.0	3/4	3/4	4/4	1	1	1/4		1/4	1	1	4	76	E5	5	1
2	2	4	4	1.0	0	0	4/4	2	1	1/4		1/4	1		2	50	D3	3	14
2	2	4	4	1.0	0	0	4/4	2	1	1/4		1/4	1		3	57	A3	3	14
2	2	4	4	1.0	0	0	4/4	2	1	1/4		1/4	1		2	62	D4	4	14
2	2	4	4	1.0	0	0	4/4	1	2	1/4		1/4	1		-1	65	F4	4	12
2	2	4	4	1.0	0	0	4/4	1	2	1/4		1/4	1		3	69	A4	4	12
2	2	4	4	0.5	0	0	4/4	1	1	1/8		1/8	1	-1	4	76	E5	5	6
2	2	9/2	9/2	0.5	1/8	1/8	4/4	1	1	1/8		1/8	1		2	74	D5	5	7
2	2	5	5	0.5	1/4	1/4	4/4	1	1	1/8		1/8	1		8	68	G#4	4	8
2	2	11/2	11/2	0.5	3/8	3/8	4/4	1	1	1/8		1/8	1		3	69	A4	4	9
2	2	6	6	1.0	1/2	1/2	4/4	2	2	1/4		1/4	1		-1	53	F3	3	16
2	2	6	6	2.0	1/2	1/2	4/4	2	1	1/2		1/2	1		3	57	A3	3	15
2	2	6	6	2.0	1/2	1/2	4/4	1	2	1/2		1/2	1	1	2	62	D4	4	13
2	2	6	6	2.0	1/2	1/2	4/4	1	2	1/2		1/2	1		3	69	A4	4	13
2	2	6	6	1.5	1/2	1/2	4/4	1	1	3/8		1/4	3/2		2	74	D5	5	10
2	2	7	7	1.0	3/4	3/4	4/4	2	2	1/4		1/4	1		6	54	F#3	3	17
2	2	15/2	15/2	0.5	7/8	7/8	4/4	1	1	1/8		1/8	1		0	72	C5	5	11
3	3	8	8	1.0	0	0	4/4	2	1	1/4		1/4	1		1	55	G3	3	23
3	3	8	8	1.0	0	0	4/4	2	2	1/4		1/4	1		1	55	G3	3	25
3	3	8	8	1.0	0	0	4/4	1	2	1/4		1/4	1	-1	2	62	D4	4	21
3	3	8	8	1.0	0	0	4/4	1	2	1/4		1/4	1		1	67	G4	4	21
3	3	8	8	1.0	0	0	4/4	1	1	1/4		1/4	1		-2	70	Bb4	4	18
3	3	9	9	2.0	1/4	1/4	4/4	1	1	1/2		1/2	1		-2	70	Bb4	4	19
3	3	10	10	2.0	1/2	1/2	4/4	2	2	1/2		1/2	1		3	45	A2	2	26
3	3	10	10	2.0	1/2	1/2	4/4	2	1	1/2		1/2	1		2	50	D3	3	24
3	3	10	10	2.0	1/2	1/2	4/4	1	2	1/2		1/2	1		0	60	C4	4	22
3	3	10	10	2.0	1/2	1/2	4/4	1	2	1/2		1/2	1		2	62	D4	4	22
3	3	11	11	1.0	3/4	3/4	4/4	1	1	1/4		1/4	1	1	6	66	F#4	4	20
4	4	12	12	2.0	0	0	4/4	2	2	1/2		1/2	1		-2	46	Bb2	2	38
4	4	12	12	2.0	0	0	4/4	2	2	1/2		1/2	1		2	50	D3	3	38
4	4	12	12	1.0	0	0	4/4	1	2	1/4		1/4	1		-2	58	Bb3	3	33
4	4	12	12	1.0	0	0	4/4	1	2	1/4		1/4	1		2	62	D4	4	33
4	4	12	12	0.5	0	0	4/4	1	1	1/8		1/8	1	-1	6	66	F#4	4	27
4	4	25/2	25/2	0.5	1/8	1/8	4/4	1	1	1/8		1/8	1		1	67	G4	4	28
4	4	13	13	1.0	1/4	1/4	4/4	2	1	1/4		1/4	1		-2	58	Bb3	3	36
4	4	13	13	1.0	1/4	1/4	4/4	1	2	1/4		1/4	1		4	64	E4	4	34
4	4	13	13	1.0	1/4	1/4	4/4	1	2	1/4		1/4	1		1	67	G4	4	34
4	4	13	13	0.5	1/4	1/4	4/4	1	1	1/8		1/8	1		4	76	E5	5	29
4	4	27/2	27/2	0.5	3/8	3/8	4/4	1	1	1/8		1/8	1		2	74	D5	5	30
4	4	14	14	2.0	1/2	1/2	4/4	2	2	1/2		1/2	1		3	45	A2	2	39
4	4	14	14	2.0	1/2	1/2	4/4	2	2	1/2		1/2	1		4	52	E3	3	39
4	4	14	14	2.0	1/2	1/2	4/4	2	1	1/2		1/2	1		3	57	A3	3	37
4	4	14	14	2.0	1/2	1/2	4/4	1	2	1/2		1/2	1		4	64	E4	4	35
4	4	14	14	2.0	1/2	1/2	4/4	1	2	1/2		1/2	1		1	67	G4	4	35
4	4	14	14	1.0	1/2	1/2	4/4	1	1	1/4		1/4	1		2	74	D5	5	31
4	4	15	15	1.0	3/4	3/4	4/4	1	1	1/4		1/4	1		7	73	C#5	5	32
5	5	16	16	2.0	0	0	4/4	2	2	1/2		1/2	1		1	55	G3	3	48
5	5	49/3	49/3	0.3333333333333333	1/12	1/12	4/4	1	1	1/12		1/8	2/3		3	69	A4	4	40
5	5	50/3	50/3	0.3333333333333333	1/6	1/6	4/4	1	1	1/12		1/8	2/3		5	71	B4	4	41
5	5	17	17	1.0	1/4	1/4	4/4	2	1	1/4		1/4	1		3	57	A3	3	46
5	5	17	17	1.0	1/4	1/4	4/4	2	1	1/4		1/4	1		7	61	C#4	4	46
5	5	17	17	1.0	1/4	1/4	4/4	2	1	1/4		1/4	1		4	64	E4	4	46
5	5	17	17	0.3333333333333333	1/4	1/4	4/4	1	1	1/12		1/8	2/3		7	73	C#5	5	42
5	5	52/3	52/3	0.3333333333333333	1/3	1/3	4/4	1	1	1/12		1/8	2/3		2	74	D5	5	43
5	5	53/3	53/3	0.3333333333333333	5/12	5/12	4/4	1	1	1/12		1/8	2/3		4	76	E5	5	44
5	5	18	18	2.0	1/2	1/2	4/4	2	2	1/2		1/2	1		-1	53	F3	3	49
5	5	18	18	2.0	1/2	1/2	4/4	1	1	1/2		1/2	1	1	3	81	A5	5	45
5	5	19	19	1.0	3/4	3/4	4/4	2	1	1/4		1/4	1		3	57	A3	3	47
5	5	19	19	1.0	3/4	3/4	4/4	2	1	1/4		1/4	1		2	62	D4	4	47
5	5	19	19	1.0	3/4	3/4	4/4	2	1	1/4		1/4	1		-1	65	F4	4	47
6	6	20	20	2.0	0	0	4/4	2	2	1/2		1/2	1		4	52	E3	3	60
6	6	20	20	0.3333333333333333	0	0	4/4	1	1	1/12		1/8	2/3	-1	3	81	A5	5	50
6	6	61/3	61/3	0.3333333333333333	1/12	1/12	4/4	1	1	1/12		1/8	2/3		3	69	A4	4	51
6	6	62/3	62/3	0.3333333333333333	1/6	1/6	4/4	1	1	1/12		1/8	2/3		5	71	B4	4	52
6	6	21	21	1.0	1/4	1/4	4/4	2	1	1/4		1/4	1		3	57	A3	3	58
6	6	21	21	1.0	1/4	1/4	4/4	2	1	1/4		1/4	1		7	61	C#4	4	58
6	6	21	21	1.0	1/4	1/4	4/4	2	1	1/4		1/4	1		1	67	G4	4	58
6	6	21	21	0.3333333333333333	1/4	1/4	4/4	1	1	1/12		1/8	2/3		7	73	C#5	5	53
6	6	64/3	64/3	0.3333333333333333	1/3	1/3	4/4	1	1	1/12		1/8	2/3		2	74	D5	5	54
6	6	65/3	65/3	0.3333333333333333	5/12	5/12	4/4	1	1	1/12		1/8	2/3		4	76	E5	5	55
6	6	22	22	2.0	1/2	1/2	4/4	2	2	1/2		1/2	1		2	50	D3	3	61
6	6	22	22	1.5	1/2	1/2	4/4	1	1	3/8		1/4	3/2		3	81	A5	5	56
6	6	23	23	1.0	3/4	3/4	4/4	2	1	1/4		1/4	1		3	57	A3	3	59
6	6	23	23	1.0	3/4	3/4	4/4	2	1	1/4		1/4	1		0	60	C4	4	59
6	6	23	23	1.0	3/4	3/4	4/4	2	1	1/4		1/4	1		6	66	F#4	4	59
6	6	47/2	47/2	0.5	7/8	7/8	4/4	1	1	1/8		1/8	1		2	74	D5	5	57
7	7	24	24	1.0	0	0	4/4	2	1	1/4		1/4	1		1	43	G2	2	74
7	7	24	24	0.3333333333333333	0	0	4/4	1	1	1/12		1/8	2/3		1	79	G5	5	62
7	7	73/3	73/3	0.3333333333333333	1/12	1/12	4/4	1	1	1/12		1/8	2/3		-1	77	F5	5	63
7	7	74/3	74/3	0.3333333333333333	1/6	1/6	4/4	1	1	1/12		1/8	2/3		4	76	E5	5	64
7	7	25	25	0.0	1/4	1/4	4/4	1	1	0	grace16	1/16	2/3		2	74	D5	5	65
7	7	25	25	0.0	1/4	1/4	4/4	1	1	0	grace16	1/16	2/3		4	76	E5	5	66
7	7	25	25	1.0	1/4	1/4	4/4	2	1	1/4		1/4	1		1	55	G3	3	75
7	7	25	25	1.0	1/4	1/4	4/4	2	1	1/4		1/4	1		-2	58	Bb3	3	75
7	7	25	25	1.0	1/4	1/4	4/4	2	1	1/4		1/4	1		2	62	D4	4	75
7	7	25	25	1.0	1/4	1/4	4/4	2	1	1/4		1/4	1		1	67	G4	4	75
7	7	25	25	0.3333333333333333	1/4	1/4	4/4	1	1	1/12		1/8	2/3		2	74	D5	5	67
7	7	76/3	76/3	0.3333333333333333	1/3	1/3	4/4	1	1	1/12		1/8	2/3		7	73	C#5	5	68
7	7	77/3	77/3	0.3333333333333333	5/12	5/12	4/4	1	1	1/12		1/8	2/3		2	74	D5	5	69
7	7	26	26	1.0	1/2	1/2	4/4	2	1	1/4		1/4	1		8	44	G#2	2	76
7	7	26	26	1.0	1/2	1/2	4/4	1	1	1/4		1/4	1	1	-1	77	F5	5	70
7	7	27	27	1.0	3/4	3/4	4/4	2	1	1/4		1/4	1		8	56	G#3	3	77
7	7	27	27	1.0	3/4	3/4	4/4	2	1	1/4		1/4	1		5	59	B3	3	77
7	7	27	27	1.0	3/4	3/4	4/4	2	1	1/4		1/4	1		2	62	D4	4	77
7	7	27	27	1.0	3/4	3/4	4/4	2	1	1/4		1/4	1		-1	65	F4	4	77
7	7	27	27	0.3333333333333333	3/4	3/4	4/4	1	1	1/12		1/8	2/3	-1	-1	77	F5	5	71
7	7	82/3	82/3	0.3333333333333333	5/6	5/6	4/4	1	1	1/12		1/8	2/3		4	76	E5	5	72
7	7	83/3	83/3	0.3333333333333333	11/12	11/12	4/4	1	1	1/12		1/8	2/3	1	2	74	D5	5	73
8	8	28	28	1.0	0	0	4/4	2	1	1/4		1/4	1		3	45	A2	2	91
8	8	28	28	0.3333333333333333	0	0	4/4	1	1	1/12		1/8	2/3	-1	2	74	D5	5	78
8	8	85/3	85/3	0.3333333333333333	1/12	1/12	4/4	1	1	1/12		1/8	2/3		7	73	C#5	5	79
8	8	86/3	86/3	0.3333333333333333	1/6	1/6	4/4	1	1	1/12		1/8	2/3	1	0	72	C5	5	80
8	8	29	29	1.0	1/4	1/4	4/4	2	1	1/4		1/4	1		3	57	A3	3	92
8	8	29	29	1.0	1/4	1/4	4/4	2	1	1/4		1/4	1		2	62	D4	4	92
8	8	29	29	1.0	1/4	1/4	4/4	2	1	1/4		1/4	1		-1	65	F4	4	92
8	8	29	29	0.3333333333333333	1/4	1/4	4/4	1	1	1/12		1/8	2/3	-1	0	72	C5	5	81
8	8	88/3	88/3	0.3333333333333333	1/3	1/3	4/4	1	1	1/12		1/8	2/3		5	71	B4	4	82
8	8	89/3	89/3	0.3333333333333333	5/12	5/12	4/4	1	1	1/12		1/8	2/3	1	-2	70	Bb4	4	83
8	8	30	30	1.0	1/2	1/2	4/4	2	1	1/4		1/4	1		3	45	A2	2	93
8	8	30	30	0.3333333333333333	1/2	1/2	4/4	1	1	1/12		1/8	2/3	-1	-2	70	Bb4	4	84
8	8	91/3	91/3	0.3333333333333333	7/12	7/12	4/4	1	1	1/12		1/8	2/3		3	69	A4	4	85
8	8	92/3	92/3	0.3333333333333333	2/3	2/3	4/4	1	1	1/12		1/8	2/3	1	-1	65	F4	4	86
8	8	31	31	1.0	3/4	3/4	4/4	2	1	1/4		1/4	1		1	55	G3	3	94
8	8	31	31	1.0	3/4	3/4	4/4	2	1	1/4		1/4	1		3	57	A3	3	94
8	8	31	31	1.0	3/4	3/4	4/4	2	1	1/4		1/4	1		7	61	C#4	4	94
8	8	31	31	0.6666666666666666	3/4	3/4	4/4	1	1	1/6		1/4	2/3	-1	-1	65	F4	4	87
8	8	95/3	95/3	0.0	11/12	11/12	4/4	1	1	0	grace16	1/16	2/3		4	64	E4	4	88
8	8	95/3	95/3	0.0	11/12	11/12	4/4	1	1	0	grace16	1/16	2/3		-1	65	F4	4	89
8	8	95/3	95/3	0.3333333333333333	11/12	11/12	4/4	1	1	1/12		1/8	2/3		4	64	E4	4	90
9	9	32	32	2.0	0	0	4/4	2	2	1/2		1/2	1		2	50	D3	3	102
9	9	32	32	2.0	0	0	4/4	2	2	1/2		1/2	1		-1	53	F3	3	102
9	9	32	32	2.0	0	0	4/4	2	2	1/2		1/2	1		3	57	A3	3	102
9	9	32	32	0.5	0	0	4/4	1	1	1/8		1/8	1		2	62	D4	4	95
9	9	33	33	2.0	1/4	1/4	4/4	2	1	1/2		1/2	1		-1	65	F4	4	100
9	9	67/2	67/2	0.5	3/8	3/8	4/4	1	1	1/8		1/8	1	1	3	69	A4	4	96
9	9	34	34	2.0	1/2	1/2	4/4	2	2	1/2		1/2	1		1	55	G3	3	103
9	9	34	34	2.0	1/2	1/2	4/4	2	2	1/2		1/2	1		3	57	A3	3	103
9	9	34	34	0.5	1/2	1/2	4/4	1	1	1/8		1/8	1	-1	3	69	A4	4	97
9	9	69/2	69/2	1.0	5/8	5/8	4/4	1	1	1/4		1/4	1		5	71	B4	4	98
9	9	35	35	1.0	3/4	3/4	4/4	2	1	1/4		1/4	1	1	4	64	E4	4	101
9	9	71/2	71/2	0.5	7/8	7/8	4/4	1	1	1/8		1/8	1	1	7	73	C#5	5	99
10	10	36	36	1.0	0	0	4/4	2	2	1/4		1/4	1		-1	53	F3	3	117
10	10	36	36	1.0	0	0	4/4	2	2	1/4		1/4	1		3	57	A3	3	117
10	10	36	36	0.5	0	0	4/4	2	1	1/8		1/8	1	-1	4	64	E4	4	111
10	10	36	36	0.5	0	0	4/4	1	1	1/8		1/8	1	-1	7	73	C#5	5	104
10	10	73/2	73/2	0.5	1/8	1/8	4/4	2	1	1/8		1/8	1		2	62	D4	4	112
10	10	73/2	73/2	1.0	1/8	1/8	4/4	1	1	1/4		1/4	1		2	74	D5	5	105
10	10	37	37	0.5	1/4	1/4	4/4	2	1	1/8		1/8	1		8	56	G#3	3	113
10	10	75/2	75/2	0.5	3/8	3/8	4/4	2	1	1/8		1/8	1		3	57	A3	3	114
10	10	75/2	75/2	0.5	3/8	3/8	4/4	1	1	1/8		1/8	1	1	7	73	C#5	5	106
10	10	38	38	2.0	1/2	1/2	4/4	2	2	1/2		1/2	1		6	54	F#3	3	118
10	10	38	38	2.0	1/2	1/2	4/4	2	2	1/2		1/2	1		3	57	A3	3	118
10	10	38	38	1.5	1/2	1/2	4/4	2	1	3/8		1/4	3/2		2	62	D4	4	115
10	10	38	38	0.5	1/2	1/2	4/4	1	1	1/8		1/8	1	-1	7	73	C#5	5	107
10	10	77/2	77/2	0.5	5/8	5/8	4/4	1	1	1/8		1/8	1		0	72	C5	5	108
10	10	39	39	0.5	3/4	3/4	4/4	1	1	1/8		1/8	1		-2	70	Bb4	4	109
10	10	79/2	79/2	0.5	7/8	7/8	4/4	2	1	1/8		1/8	1		0	60	C4	4	116
10	10	79/2	79/2	0.5	7/8	7/8	4/4	1	1	1/8		1/8	1		3	69	A4	4	110
11	11	40	40	1.0	0	0	4/4	2	2	1/4		1/4	1		1	43	G2	2	127
11	11	40	40	1.0	0	0	4/4	2	2	1/4		1/4	1		2	50	D3	3	127
11	11	40	40	0.5	0	0	4/4	2	1	1/8		1/8	1		-2	58	Bb3	3	124
11	11	40	40	0.5	0	0	4/4	1	1	1/8		1/8	1		1	67	G4	4	119
11	11	81/2	81/2	1.0	1/8	1/8	4/4	1	1	1/4		1/4	1		2	62	D4	4	120
11	11	41	41	2.0	1/4	1/4	4/4	2	1	1/2		1/2	1		-2	58	Bb3	3	125
11	11	83/2	83/2	1.0	3/8	3/8	4/4	1	1	1/4		1/4	1		2	74	D5	5	121
11	11	42	42	2.0	1/2	1/2	4/4	2	2	1/2		1/2	1		0	48	C3	3	128
11	11	42	42	2.0	1/2	1/2	4/4	2	2	1/2		1/2	1		2	50	D3	3	128
11	11	85/2	85/2	1.0	5/8	5/8	4/4	1	1	1/4		1/4	1		-2	70	Bb4	4	122
11	11	43	43	1.0	3/4	3/4	4/4	2	1	1/4		1/4	1	1	6	54	F#3	3	126
11	11	87/2	87/2	0.5	7/8	7/8	4/4	1	1	1/8		1/8	1	1	3	69	A4	4	123
12	12	44	44	0.5	0	0	4/4	2	2	1/8		1/8	1		-2	46	Bb2	2	143
12	12	44	44	0.5	0	0	4/4	2	2	1/8		1/8	1		2	50	D3	3	143
12	12	44	44	0.5	0	0	4/4	2	1	1/8		1/8	1	-1	6	54	F#3	3	137
12	12	44	44	0.5	0	0	4/4	1	1	1/8		1/8	1	-1	3	69	A4	4	129
12	12	89/2	89/2	0.5	1/8	1/8	4/4	2	1	1/8		1/8	1		1	55	G3	3	138
12	12	89/2	89/2	0.5	1/8	1/8	4/4	1	1	1/8		1/8	1	1	1	67	G4	4	130
12	12	45	45	0.5	1/4	1/4	4/4	2	1	1/8		1/8	1		4	64	E4	4	139
12	12	45	45	0.5	1/4	1/4	4/4	1	1	1/8		1/8	1	-1	1	67	G4	4	131
12	12	91/2	91/2	0.5	3/8	3/8	4/4	2	1	1/8		1/8	1		2	62	D4	4	140
12	12	91/2	91/2	0.5	3/8	3/8	4/4	1	1	1/8		1/8	1	1	8	68	G#4	4	132
12	12	46	46	1.0	1/2	1/2	4/4	2	2	1/4		1/4	1		3	45	A2	2	144
12	12	46	46	1.0	1/2	1/2	4/4	2	2	1/4		1/4	1		4	52	E3	3	144
12	12	46	46	1.0	1/2	1/2	4/4	2	1	1/4		1/4	1		2	62	D4	4	141
12	12	46	46	0.5	1/2	1/2	4/4	1	1	1/8		1/8	1	-1	8	68	G#4	4	133
12	12	93/2	93/2	0.5	5/8	5/8	4/4	1	1	1/8		1/8	1	1	3	69	A4	4	134
12	12	47	47	1.0	3/4	3/4	4/4	2	1	1/4		1/4	1		7	61	C#4	4	142
12	12	47	47	0.5	3/4	3/4	4/4	1	1	1/8		1/8	1	-1	3	69	A4	4	135
12	12	95/2	95/2	0.5	7/8	7/8	4/4	1	1	1/8		1/8	1		4	64	E4	4	136
13	13	48	48	2.0	0	0	4/4	2	2	1/2		1/2	1		-2	58	Bb3	3	157
13	13	48	48	2.0	0	0	4/4	2	2	1/2		1/2	1		0	60	C4	4	157
13	13	145/3	145/3	0.3333333333333333	1/12	1/12	4/4	1	1	1/12		1/8	2/3		0	72	C5	5	145
13	13	146/3	146/3	0.3333333333333333	1/6	1/6	4/4	1	1	1/12		1/8	2/3		2	74	D5	5	146
13	13	49	49	1.0	1/4	1/4	4/4	2	1	1/4		1/4	1	1	1	67	G4	4	151
13	13	49	49	0.3333333333333333	1/4	1/4	4/4	1	1	1/12		1/8	2/3		4	76	E5	5	147
13	13	148/3	148/3	0.3333333333333333	1/3	1/3	4/4	1	1	1/12		1/8	2/3		-1	77	F5	5	148
13	13	149/3	149/3	0.3333333333333333	5/12	5/12	4/4	1	1	1/12		1/8	2/3		1	79	G5	5	149
13	13	50	50	2.0	1/2	1/2	4/4	2	2	1/2		1/2	1		3	57	A3	3	158
13	13	50	50	2.0	1/2	1/2	4/4	2	2	1/2		1/2	1		0	60	C4	4	158
13	13	50	50	0.3333333333333333	1/2	1/2	4/4	2	1	1/12		1/8	2/3	-1	1	67	G4	4	152
13	13	50	50	2.0	1/2	1/2	4/4	1	1	1/2		1/2	1		0	72	C5	5	150
13	13	151/3	151/3	0.3333333333333333	7/12	7/12	4/4	2	1	1/12		1/8	2/3		-1	65	F4	4	153
13	13	152/3	152/3	0.3333333333333333	2/3	2/3	4/4	2	1	1/12		1/8	2/3		4	64	E4	4	154
13	13	51	51	0.6666666666666666	3/4	3/4	4/4	2	1	1/6		1/4	2/3		1	67	G4	4	155
13	13	155/3	155/3	0.3333333333333333	11/12	11/12	4/4	2	1	1/12		1/8	2/3		-1	65	F4	4	156
14	14	52	52	2.0	0	0	4/4	2	2	1/2		1/2	1		1	55	G3	3	172
14	14	52	52	2.0	0	0	4/4	2	2	1/2		1/2	1		3	57	A3	3	172
14	14	52	52	1.0	0	0	4/4	2	1	1/4		1/4	1		-1	65	F4	4	165
14	14	157/3	157/3	0.3333333333333333	1/12	1/12	4/4	1	1	1/12		1/8	2/3		3	69	A4	4	159
14	14	158/3	158/3	0.3333333333333333	1/6	1/6	4/4	1	1	1/12		1/8	2/3		5	71	B4	4	160
14	14	53	53	1.0	1/4	1/4	4/4	2	1	1/4		1/4	1	1	4	64	E4	4	166
14	14	53	53	0.3333333333333333	1/4	1/4	4/4	1	1	1/12		1/8	2/3		7	73	C#5	5	161
14	14	160/3	160/3	0.3333333333333333	1/3	1/3	4/4	1	1	1/12		1/8	2/3		2	74	D5	5	162
14	14	161/3	161/3	0.3333333333333333	5/12	5/12	4/4	1	1	1/12		1/8	2/3		4	76	E5	5	163
14	14	54	54	2.0	1/2	1/2	4/4	2	2	1/2		1/2	1		-1	53	F3	3	173
14	14	54	54	2.0	1/2	1/2	4/4	2	2	1/2		1/2	1		3	57	A3	3	173
14	14	54	54	0.3333333333333333	1/2	1/2	4/4	2	1	1/12		1/8	2/3	-1	4	64	E4	4	167
14	14	54	54	2.0	1/2	1/2	4/4	1	1	1/2		1/2	1		3	69	A4	4	164
14	14	163/3	163/3	0.3333333333333333	7/12	7/12	4/4	2	1	1/12		1/8	2/3		2	62	D4	4	168
14	14	164/3	164/3	0.3333333333333333	2/3	2/3	4/4	2	1	1/12		1/8	2/3		7	61	C#4	4	169
14	14	55	55	0.6666666666666666	3/4	3/4	4/4	2	1	1/6		1/4	2/3		4	64	E4	4	170
14	14	167/3	167/3	0.3333333333333333	11/12	11/12	4/4	2	1	1/12		1/8	2/3		2	62	D4	4	171
15	15	56	56	0.0	0	0	4/4	2	2	0	acciaccatura	1/8	1		1	43	G2	2	188
15	15	56	56	2.0	0	0	4/4	2	2	1/2		1/2	1		2	50	D3	3	189
15	15	56	56	2.0	0	0	4/4	2	2	1/2		1/2	1		1	55	G3	3	189
15	15	56	56	1.0	0	0	4/4	2	1	1/4		1/4	1		0	60	C4	4	185
15	15	169/3	169/3	0.3333333333333333	1/12	1/12	4/4	1	1	1/12		1/8	2/3		4	64	E4	4	174
15	15	170/3	170/3	0.3333333333333333	1/6	1/6	4/4	1	1	1/12		1/8	2/3		-1	65	F4	4	175
15	15	57	57	1.0	1/4	1/4	4/4	2	1	1/4		1/4	1		-2	58	Bb3	3	186
15	15	57	57	0.3333333333333333	1/4	1/4	4/4	1	1	1/12		1/8	2/3		1	67	G4	4	176
15	15	172/3	172/3	0.3333333333333333	1/3	1/3	4/4	1	1	1/12		1/8	2/3		3	69	A4	4	177
15	15	173/3	173/3	0.3333333333333333	5/12	5/12	4/4	1	1	1/12		1/8	2/3	1	-2	70	Bb4	4	178
15	15	58	58	1.0	1/2	1/2	4/4	2	2	1/4		1/4	1		3	45	A2	2	190
15	15	58	58	0.3333333333333333	1/2	1/2	4/4	1	1	1/12		1/8	2/3	-1	-2	70	Bb4	4	179
15	15	175/3	175/3	0.3333333333333333	7/12	7/12	4/4	1	1	1/12		1/8	2/3		-2	70	Bb4	4	180
15	15	176/3	176/3	0.3333333333333333	2/3	2/3	4/4	1	1	1/12		1/8	2/3	1	3	69	A4	4	181
15	15	59	59	1.0	3/4	3/4	4/4	2	1	1/4		1/4	1		-1	53	F3	3	187
15	15	59	59	1.0	3/4	3/4	4/4	2	1	1/4		1/4	1		3	57	A3	3	187
15	15	59	59	1.0	3/4	3/4	4/4	2	1	1/4		1/4	1		2	62	D4	4	187
15	15	59	59	0.3333333333333333	3/4	3/4	4/4	1	1	1/12		1/8	2/3	-1	3	69	A4	4	182
15	15	178/3	178/3	0.3333333333333333	5/6	5/6	4/4	1	1	1/12		1/8	2/3		8	68	G#4	4	183
15	15	179/3	179/3	0.3333333333333333	11/12	11/12	4/4	1	1	1/12		1/8	2/3	1	1	67	G4	4	184
16	16	60	60	1.0	0	0	4/4	2	1	1/4		1/4	1		3	45	A2	2	202
16	16	60	60	0.3333333333333333	0	0	4/4	1	1	1/12		1/8	2/3	-1	1	67	G4	4	191
16	16	181/3	181/3	0.3333333333333333	1/12	1/12	4/4	1	1	1/12		1/8	2/3		6	66	F#4	4	192
16	16	182/3	182/3	0.3333333333333333	1/6	1/6	4/4	1	1	1/12		1/8	2/3	1	-1	65	F4	4	193
16	16	61	61	1.0	1/4	1/4	4/4	2	1	1/4		1/4	1		1	55	G3	3	203
16	16	61	61	1.0	1/4	1/4	4/4	2	1	1/4		1/4	1		3	57	A3	3	203
16	16	61	61	1.0	1/4	1/4	4/4	2	1	1/4		1/4	1		7	61	C#4	4	203
16	16	61	61	0.3333333333333333	1/4	1/4	4/4	1	1	1/12		1/8	2/3	-1	-1	65	F4	4	194
16	16	184/3	184/3	0.3333333333333333	1/3	1/3	4/4	1	1	1/12		1/8	2/3		9	63	D#4	4	195
16	16	185/3	185/3	0.3333333333333333	5/12	5/12	4/4	1	1	1/12		1/8	2/3	1	4	64	E4	4	196
16	16	62	62	2.0	1/2	1/2	4/4	2	1	1/2		1/2	1		2	38	D2	2	204
16	16	62	62	2.0	1/2	1/2	4/4	2	1	1/2		1/2	1		3	45	A2	2	204
16	16	62	62	2.0	1/2	1/2	4/4	1	2	1/2		1/2	1		-1	53	F3	3	201
16	16	62	62	2.0	1/2	1/2	4/4	1	2	1/2		1/2	1		3	57	A3	3	201
16	16	62	62	0.6666666666666666	1/2	1/2	4/4	1	1	1/6		1/4	2/3	-1	4	64	E4	4	197
16	16	188/3	188/3	0.3333333333333333	2/3	2/3	4/4	1	1	1/12		1/8	2/3		7	61	C#4	4	198
16	16	63	63	0.6666666666666666	3/4	3/4	4/4	1	1	1/6		1/4	2/3		7	61	C#4	4	199
16	16	191/3	191/3	0.3333333333333333	11/12	11/12	4/4	1	1	1/12		1/8	2/3		2	62	D4	4	200
17	17	64	64	1.0	0	0	4/4	2	1	1/4		1/4	1		-2	46	Bb2	2	214
17	17	193/3	193/3	0.3333333333333333	1/12	1/12	4/4	1	1	1/12		1/8	2/3		1	67	G4	4	205
17	17	194/3	194/3	0.3333333333333333	1/6	1/6	4/4	1	1	1/12		1/8	2/3		3	69	A4	4	206
17	17	65	65	1.0	1/4	1/4	4/4	2	1	1/4		1/4	1		1	55	G3	3	215
17	17	65	65	1.0	1/4	1/4	4/4	2	1	1/4		1/4	1		0	60	C4	4	215
17	17	65	65	1.0	1/4	1/4	4/4	2	1	1/4		1/4	1		4	64	E4	4	215
17	17	65	65	0.3333333333333333	1/4	1/4	4/4	1	1	1/12		1/8	2/3		-2	70	Bb4	4	207
17	17	196/3	196/3	0.3333333333333333	1/3	1/3	4/4	1	1	1/12		1/8	2/3		5	71	B4	4	208
17	17	197/3	197/3	0.3333333333333333	5/12	5/12	4/4	1	1	1/12		1/8	2/3		0	72	C5	5	209
17	17	66	66	1.0	1/2	1/2	4/4	2	1	1/4		1/4	1		3	45	A2	2	216
17	17	66	66	0.6666666666666666	1/2	1/2	4/4	1	1	1/6		1/4	2/3		-1	77	F5	5	210
17	17	200/3	200/3	0.3333333333333333	2/3	2/3	4/4	1	1	1/12		1/8	2/3		4	76	E5	5	211
17	17	67	67	1.0	3/4	3/4	4/4	2	1	1/4		1/4	1		3	57	A3	3	217
17	17	67	67	1.0	3/4	3/4	4/4	2	1	1/4		1/4	1		0	60	C4	4	217
17	17	67	67	1.0	3/4	3/4	4/4	2	1	1/4		1/4	1		-1	65	F4	4	217
17	17	67	67	0.6666666666666666	3/4	3/4	4/4	1	1	1/6		1/4	2/3		4	76	E5	5	212
17	17	203/3	203/3	0.3333333333333333	11/12	11/12	4/4	1	1	1/12		1/8	2/3		2	74	D5	5	213
18	18	68	68	1.0	0	0	4/4	2	1	1/4		1/4	1		1	43	G2	2	232
18	18	68	68	1.0	0	0	4/4	1	1	1/4		1/4	1		2	74	D5	5	218
18	18	205/3	205/3	0.3333333333333333	1/12	1/12	4/4	1	2	1/12		1/8	2/3		4	64	E4	4	225
18	18	206/3	206/3	0.3333333333333333	1/6	1/6	4/4	1	2	1/12		1/8	2/3		-1	65	F4	4	226
18	18	69	69	1.0	1/4	1/4	4/4	2	1	1/4		1/4	1		-2	58	Bb3	3	233
18	18	69	69	1.0	1/4	1/4	4/4	2	1	1/4		1/4	1		0	60	C4	4	233
18	18	69	69	1.0	1/4	1/4	4/4	2	1	1/4		1/4	1		4	64	E4	4	233
18	18	69	69	0.3333333333333333	1/4	1/4	4/4	1	2	1/12		1/8	2/3		6	66	F#4	4	227
18	18	69	69	1.0	1/4	1/4	4/4	1	1	1/4		1/4	1	1	0	72	C5	5	219
18	18	208/3	208/3	0.3333333333333333	1/3	1/3	4/4	1	2	1/12		1/8	2/3		1	67	G4	4	228
18	18	209/3	209/3	0.3333333333333333	5/12	5/12	4/4	1	2	1/12		1/8	2/3		8	68	G#4	4	229
18	18	70	70	1.0	1/2	1/2	4/4	2	1	1/4		1/4	1		-1	41	F2	2	234
18	18	70	70	1.0	1/2	1/2	4/4	1	2	1/4		1/4	1		-2	70	Bb4	4	230
18	18	70	70	0.3333333333333333	1/2	1/2	4/4	1	1	1/12		1/8	2/3	-1	0	72	C5	5	220
18	18	211/3	211/3	0.3333333333333333	7/12	7/12	4/4	1	1	1/12		1/8	2/3		0	72	C5	5	221
18	18	212/3	212/3	0.3333333333333333	2/3	2/3	4/4	1	1	1/12		1/8	2/3		5	71	B4	4	222
18	18	71	71	1.0	3/4	3/4	4/4	2	1	1/4		1/4	1		3	57	A3	3	235
18	18	71	71	1.0	3/4	3/4	4/4	2	1	1/4		1/4	1		0	60	C4	4	235
18	18	71	71	1.0	3/4	3/4	4/4	2	1	1/4		1/4	1		-1	65	F4	4	235
18	18	71	71	1.0	3/4	3/4	4/4	1	2	1/4		1/4	1		3	69	A4	4	231
18	18	71	71	0.6666666666666666	3/4	3/4	4/4	1	1	1/6		1/4	2/3		2	74	D5	5	223
18	18	215/3	215/3	0.3333333333333333	11/12	11/12	4/4	1	1	1/12		1/8	2/3		0	72	C5	5	224
19	19	72	72	1.0	0	0	4/4	2	1	1/4		1/4	1		-2	46	Bb2	2	245
19	19	217/3	217/3	0.3333333333333333	1/12	1/12	4/4	1	1	1/12		1/8	2/3		1	67	G4	4	236
19	19	218/3	218/3	0.3333333333333333	1/6	1/6	4/4	1	1	1/12		1/8	2/3		3	69	A4	4	237
19	19	73	73	1.0	1/4	1/4	4/4	2	1	1/4		1/4	1		1	55	G3	3	246
19	19	73	73	1.0	1/4	1/4	4/4	2	1	1/4		1/4	1		0	60	C4	4	246
19	19	73	73	1.0	1/4	1/4	4/4	2	1	1/4		1/4	1		4	64	E4	4	246
19	19	73	73	0.3333333333333333	1/4	1/4	4/4	1	1	1/12		1/8	2/3		-2	70	Bb4	4	238
19	19	220/3	220/3	0.3333333333333333	1/3	1/3	4/4	1	1	1/12		1/8	2/3		5	71	B4	4	239
19	19	221/3	221/3	0.3333333333333333	5/12	5/12	4/4	1	1	1/12		1/8	2/3		0	72	C5	5	240
19	19	74	74	1.0	1/2	1/2	4/4	2	1	1/4		1/4	1		3	45	A2	2	247
19	19	74	74	0.6666666666666666	1/2	1/2	4/4	1	1	1/6		1/4	2/3		-1	77	F5	5	241
19	19	224/3	224/3	0.3333333333333333	2/3	2/3	4/4	1	1	1/12		1/8	2/3		4	76	E5	5	242
19	19	75	75	1.0	3/4	3/4	4/4	2	1	1/4		1/4	1		3	57	A3	3	248
19	19	75	75	1.0	3/4	3/4	4/4	2	1	1/4		1/4	1		0	60	C4	4	248
19	19	75	75	1.0	3/4	3/4	4/4	2	1	1/4		1/4	1		-1	65	F4	4	248
19	19	75	75	0.6666666666666666	3/4	3/4	4/4	1	1	1/6		1/4	2/3		4	76	E5	5	243
19	19	227/3	227/3	0.3333333333333333	11/12	11/12	4/4	1	1	1/12		1/8	2/3		2	74	D5	5	244
20	20	76	76	1.0	0	0	4/4	2	1	1/4		1/4	1		1	43	G2	2	263
20	20	76	76	1.0	0	0	4/4	1	1	1/4		1/4	1		2	74	D5	5	249
20	20	229/3	229/3	0.3333333333333333	1/12	1/12	4/4	1	2	1/12		1/8	2/3		4	64	E4	4	256
20	20	230/3	230/3	0.3333333333333333	1/6	1/6	4/4	1	2	1/12		1/8	2/3		9	63	D#4	4	257
20	20	77	77	1.0	1/4	1/4	4/4	2	1	1/4		1/4	1		1	55	G3	3	264
20	20	77	77	1.0	1/4	1/4	4/4	2	1	1/4		1/4	1		3	57	A3	3	264
20	20	77	77	0.3333333333333333	1/4	1/4	4/4	1	2	1/12		1/8	2/3		4	64	E4	4	258
20	20	77	77	1.0	1/4	1/4	4/4	1	1	1/4		1/4	1	1	7	73	C#5	5	250
20	20	232/3	232/3	0.3333333333333333	1/3	1/3	4/4	1	2	1/12		1/8	2/3		-1	65	F4	4	259
20	20	233/3	233/3	0.3333333333333333	5/12	5/12	4/4	1	2	1/12		1/8	2/3		4	64	E4	4	260
20	20	78	78	1.0	1/2	1/2	4/4	2	1	1/4		1/4	1		-1	41	F2	2	265
20	20	78	78	1.0	1/2	1/2	4/4	1	2	1/4		1/4	1		-2	70	Bb4	4	261
20	20	78	78	0.3333333333333333	1/2	1/2	4/4	1	1	1/12		1/8	2/3	-1	7	73	C#5	5	251
20	20	235/3	235/3	0.3333333333333333	7/12	7/12	4/4	1	1	1/12		1/8	2/3		2	74	D5	5	252
20	20	236/3	236/3	0.3333333333333333	2/3	2/3	4/4	1	1	1/12		1/8	2/3		7	73	C#5	5	253
20	20	79	79	1.0	3/4	3/4	4/4	2	1	1/4		1/4	1		-1	53	F3	3	266
20	20	79	79	1.0	3/4	3/4	4/4	2	1	1/4		1/4	1		3	57	A3	3	266
20	20	79	79	1.0	3/4	3/4	4/4	2	1	1/4		1/4	1		2	62	D4	4	266
20	20	79	79	1.0	3/4	3/4	4/4	1	2	1/4		1/4	1		3	69	A4	4	262
20	20	79	79	0.6666666666666666	3/4	3/4	4/4	1	1	1/6		1/4	2/3		4	76	E5	5	254
20	20	239/3	239/3	0.3333333333333333	11/12	11/12	4/4	1	1	1/12		1/8	2/3		2	74	D5	5	255
21	21	80	80	1.0	0	0	4/4	2	1	1/4		1/4	1		7	37	C#2	2	281
21	21	80	80	1.0	0	0	4/4	1	1	1/4		1/4	1		-1	77	F5	5	267
21	21	241/3	241/3	0.3333333333333333	1/12	1/12	4/4	1	2	1/12		1/8	2/3		1	67	G4	4	274
21	21	242/3	242/3	0.3333333333333333	1/6	1/6	4/4	1	2	1/12		1/8	2/3		6	66	F#4	4	275
21	21	81	81	1.0	1/4	1/4	4/4	2	1	1/4		1/4	1		1	55	G3	3	282
21	21	81	81	1.0	1/4	1/4	4/4	2	1	1/4		1/4	1		3	57	A3	3	282
21	21	81	81	1.0	1/4	1/4	4/4	2	1	1/4		1/4	1		4	64	E4	4	282
21	21	81	81	0.3333333333333333	1/4	1/4	4/4	1	2	1/12		1/8	2/3		1	67	G4	4	276
21	21	81	81	1.0	1/4	1/4	4/4	1	1	1/4		1/4	1	1	4	76	E5	5	268
21	21	244/3	244/3	0.3333333333333333	1/3	1/3	4/4	1	2	1/12		1/8	2/3		3	69	A4	4	277
21	21	245/3	245/3	0.3333333333333333	5/12	5/12	4/4	1	2	1/12		1/8	2/3		1	67	G4	4	278
21	21	82	82	1.0	1/2	1/2	4/4	2	1	1/4		1/4	1		-2	46	Bb2	2	283
21	21	82	82	1.0	1/2	1/2	4/4	1	2	1/4		1/4	1		2	74	D5	5	279
21	21	82	82	0.3333333333333333	1/2	1/2	4/4	1	1	1/12		1/8	2/3	-1	4	76	E5	5	269
21	21	247/3	247/3	0.3333333333333333	7/12	7/12	4/4	1	1	1/12		1/8	2/3		-1	77	F5	5	270
21	21	248/3	248/3	0.3333333333333333	2/3	2/3	4/4	1	1	1/12		1/8	2/3		4	76	E5	5	271
21	21	83	83	1.0	3/4	3/4	4/4	2	1	1/4		1/4	1		3	45	A2	2	284
21	21	83	83	1.0	3/4	3/4	4/4	2	1	1/4		1/4	1		4	52	E3	3	284
21	21	83	83	1.0	3/4	3/4	4/4	2	1	1/4		1/4	1		3	57	A3	3	284
21	21	83	83	1.0	3/4	3/4	4/4	2	1	1/4		1/4	1		4	64	E4	4	284
21	21	83	83	1.0	3/4	3/4	4/4	1	2	1/4		1/4	1		1	67	G4	4	280
21	21	83	83	1.0	3/4	3/4	4/4	1	2	1/4		1/4	1		7	73	C#5	5	280
21	21	83	83	0.6666666666666666	3/4	3/4	4/4	1	1	1/6		1/4	2/3		-2	82	Bb5	5	272
21	21	251/3	251/3	0.3333333333333333	11/12	11/12	4/4	1	1	1/12		1/8	2/3		3	81	A5	5	273
22	22	84	84	1.0	0	0	4/4	2	1	1/4		1/4	1		6	42	F#2	2	294
22	22	253/3	253/3	0.3333333333333333	1/12	1/12	4/4	1	1	1/12		1/8	2/3		3	81	A5	5	285
22	22	254/3	254/3	0.3333333333333333	1/6	1/6	4/4	1	1	1/12		1/8	2/3		8	80	G#5	5	286
22	22	85	85	1.0	1/4	1/4	4/4	2	1	1/4		1/4	1		6	54	F#3	3	295
22	22	85	85	1.0	1/4	1/4	4/4	2	1	1/4		1/4	1		0	60	C4	4	295
22	22	85	85	1.0	1/4	1/4	4/4	2	1	1/4		1/4	1		2	62	D4	4	295
22	22	85	85	0.6666666666666666	1/4	1/4	4/4	1	1	1/6		1/4	2/3		-2	82	Bb5	5	287
22	22	257/3	257/3	0.3333333333333333	5/12	5/12	4/4	1	1	1/12		1/8	2/3		3	81	A5	5	288
22	22	86	86	1.0	1/2	1/2	4/4	2	2	1/4		1/4	1		1	43	G2	2	300
22	22	86	86	0.3333333333333333	1/2	1/2	4/4	1	1	1/12		1/8	2/3		3	81	A5	5	289
22	22	259/3	259/3	0.3333333333333333	7/12	7/12	4/4	1	1	1/12		1/8	2/3		1	79	G5	5	290
22	22	260/3	260/3	0.3333333333333333	2/3	2/3	4/4	2	1	1/12		1/8	2/3		2	62	D4	4	296
22	22	260/3	260/3	0.3333333333333333	2/3	2/3	4/4	1	1	1/12		1/8	2/3		6	78	F#5	5	291
22	22	87	87	1.0	3/4	3/4	4/4	2	2	1/4		1/4	1		1	55	G3	3	301
22	22	87	87	1.0	3/4	3/4	4/4	2	2	1/4		1/4	1		-2	58	Bb3	3	301
22	22	87	87	0.3333333333333333	3/4	3/4	4/4	2	1	1/12		1/8	2/3		-1	65	F4	4	297
22	22	87	87	0.6666666666666666	3/4	3/4	4/4	1	1	1/6		1/4	2/3		3	81	A5	5	292
22	22	262/3	262/3	0.3333333333333333	5/6	5/6	4/4	2	1	1/12		1/8	2/3		4	64	E4	4	298
22	22	263/3	263/3	0.3333333333333333	11/12	11/12	4/4	2	1	1/12		1/8	2/3		2	62	D4	4	299
22	22	263/3	263/3	0.3333333333333333	11/12	11/12	4/4	1	1	1/12		1/8	2/3		1	79	G5	5	293
23	23	88	88	0.0	0	0	4/4	2	2	0	acciaccatura	1/8	1		0	48	C3	3	317
23	23	88	88	2.0	0	0	4/4	2	2	1/2		1/2	1		1	55	G3	3	318
23	23	88	88	2.0	0	0	4/4	2	2	1/2		1/2	1		0	60	C4	4	318
23	23	88	88	1.0	0	0	4/4	2	1	1/4		1/4	1		-1	65	F4	4	311
23	23	265/3	265/3	0.3333333333333333	1/12	1/12	4/4	1	1	1/12		1/8	2/3		1	79	G5	5	302
23	23	266/3	266/3	0.3333333333333333	1/6	1/6	4/4	1	1	1/12		1/8	2/3		6	78	F#5	5	303
23	23	89	89	1.0	1/4	1/4	4/4	2	1	1/4		1/4	1		4	64	E4	4	312
23	23	89	89	0.6666666666666666	1/4	1/4	4/4	1	1	1/6		1/4	2/3		3	81	A5	5	304
23	23	269/3	269/3	0.3333333333333333	5/12	5/12	4/4	1	1	1/12		1/8	2/3		1	79	G5	5	305
23	23	90	90	1.0	1/2	1/2	4/4	2	2	1/4		1/4	1		-1	41	F2	2	319
23	23	90	90	0.3333333333333333	1/2	1/2	4/4	1	1	1/12		1/8	2/3		1	79	G5	5	306
23	23	271/3	271/3	0.3333333333333333	7/12	7/12	4/4	1	1	1/12		1/8	2/3		-1	77	F5	5	307
23	23	272/3	272/3	0.3333333333333333	2/3	2/3	4/4	2	1	1/12		1/8	2/3		0	60	C4	4	313
23	23	272/3	272/3	0.3333333333333333	2/3	2/3	4/4	1	1	1/12		1/8	2/3		4	76	E5	5	308
23	23	91	91	1.0	3/4	3/4	4/4	2	2	1/4		1/4	1		-1	53	F3	3	320
23	23	91	91	1.0	3/4	3/4	4/4	2	2	1/4		1/4	1		3	57	A3	3	320
23	23	91	91	0.3333333333333333	3/4	3/4	4/4	2	1	1/12		1/8	2/3		4	64	E4	4	314
23	23	91	91	0.6666666666666666	3/4	3/4	4/4	1	1	1/6		1/4	2/3		1	79	G5	5	309
23	23	274/3	274/3	0.3333333333333333	5/6	5/6	4/4	2	1	1/12		1/8	2/3		2	62	D4	4	315
23	23	275/3	275/3	0.3333333333333333	11/12	11/12	4/4	2	1	1/12		1/8	2/3		7	61	C#4	4	316
23	23	275/3	275/3	0.3333333333333333	11/12	11/12	4/4	1	1	1/12		1/8	2/3		-1	77	F5	5	310
24	24	92	92	0.0	0	0	4/4	2	2	0	acciaccatura	1/8	1		-2	46	Bb2	2	334
24	24	92	92	2.0	0	0	4/4	2	2	1/2		1/2	1		-1	53	F3	3	335
24	24	92	92	2.0	0	0	4/4	2	2	1/2		1/2	1		-2	58	Bb3	3	335
24	24	92	92	1.0	0	0	4/4	2	1	1/4		1/4	1		4	64	E4	4	331
24	24	277/3	277/3	0.3333333333333333	1/12	1/12	4/4	1	1	1/12		1/8	2/3		-1	77	F5	5	321
24	24	278/3	278/3	0.3333333333333333	1/6	1/6	4/4	1	1	1/12		1/8	2/3		4	76	E5	5	322
24	24	93	93	1.0	1/4	1/4	4/4	2	1	1/4		1/4	1		2	62	D4	4	332
24	24	93	93	0.6666666666666666	1/4	1/4	4/4	1	1	1/6		1/4	2/3		1	79	G5	5	323
24	24	281/3	281/3	0.3333333333333333	5/12	5/12	4/4	1	1	1/12		1/8	2/3		-1	77	F5	5	324
24	24	94	94	1.0	1/2	1/2	4/4	2	2	1/4		1/4	1		1	43	G2	2	336
24	24	94	94	0.3333333333333333	1/2	1/2	4/4	1	1	1/12		1/8	2/3		-1	77	F5	5	325
24	24	283/3	283/3	0.3333333333333333	7/12	7/12	4/4	1	1	1/12		1/8	2/3		4	76	E5	5	326
24	24	284/3	284/3	0.3333333333333333	2/3	2/3	4/4	1	1	1/12		1/8	2/3		2	74	D5	5	327
24	24	95	95	1.0	3/4	3/4	4/4	2	1	1/4		1/4	1		1	55	G3	3	333
24	24	95	95	1.0	3/4	3/4	4/4	2	1	1/4		1/4	1		-2	58	Bb3	3	333
24	24	95	95	1.0	3/4	3/4	4/4	2	1	1/4		1/4	1		2	62	D4	4	333
24	24	95	95	0.3333333333333333	3/4	3/4	4/4	1	1	1/12		1/8	2/3		-1	77	F5	5	328
24	24	286/3	286/3	0.3333333333333333	5/6	5/6	4/4	1	1	1/12		1/8	2/3		4	76	E5	5	329
24	24	287/3	287/3	0.3333333333333333	11/12	11/12	4/4	1	1	1/12		1/8	2/3		2	74	D5	5	330
25	25	96	96	1.0	0	0	4/4	2	1	1/4		1/4	1		4	40	E2	2	347
25	25	289/3	289/3	0.3333333333333333	1/12	1/12	4/4	1	1	1/12		1/8	2/3		1	67	G4	4	337
25	25	290/3	290/3	0.3333333333333333	1/6	1/6	4/4	1	1	1/12		1/8	2/3		3	69	A4	4	338
25	25	97	97	1.0	1/4	1/4	4/4	2	1	1/4		1/4	1		4	52	E3	3	348
25	25	97	97	1.0	1/4	1/4	4/4	2	1	1/4		1/4	1		1	55	G3	3	348
25	25	97	97	1.0	1/4	1/4	4/4	2	1	1/4		1/4	1		2	62	D4	4	348
25	25	97	97	0.3333333333333333	1/4	1/4	4/4	1	1	1/12		1/8	2/3		-2	70	Bb4	4	339
25	25	292/3	292/3	0.3333333333333333	1/3	1/3	4/4	1	1	1/12		1/8	2/3		-1	77	F5	5	340
25	25	293/3	293/3	0.3333333333333333	5/12	5/12	4/4	1	1	1/12		1/8	2/3		4	76	E5	5	341
25	25	98	98	1.0	1/2	1/2	4/4	2	1	1/4		1/4	1		3	45	A2	2	349
25	25	98	98	0.3333333333333333	1/2	1/2	4/4	1	1	1/12		1/8	2/3		2	74	D5	5	342
25	25	295/3	295/3	0.3333333333333333	7/12	7/12	4/4	1	1	1/12		1/8	2/3		7	73	C#5	5	343
25	25	296/3	296/3	0.3333333333333333	2/3	2/3	4/4	1	1	1/12		1/8	2/3		12	72	B#4	4	344
25	25	99	99	1.0	3/4	3/4	4/4	2	1	1/4		1/4	1		4	52	E3	3	350
25	25	99	99	1.0	3/4	3/4	4/4	2	1	1/4		1/4	1		3	57	A3	3	350
25	25	99	99	1.0	3/4	3/4	4/4	2	1	1/4		1/4	1		4	64	E4	4	350
25	25	99	99	0.6666666666666666	3/4	3/4	4/4	1	1	1/6		1/4	2/3		7	73	C#5	5	345
25	25	299/3	299/3	0.3333333333333333	11/12	11/12	4/4	1	1	1/12		1/8	2/3		3	69	A4	4	346
26	26	100	100	1.0	0	0	4/4	2	1	1/4		1/4	1		6	42	F#2	2	360
26	26	301/3	301/3	0.3333333333333333	1/12	1/12	4/4	1	1	1/12		1/8	2/3		3	81	A5	5	351
26	26	302/3	302/3	0.3333333333333333	1/6	1/6	4/4	1	1	1/12		1/8	2/3		8	80	G#5	5	352
26	26	101	101	1.0	1/4	1/4	4/4	2	1	1/4		1/4	1		6	54	F#3	3	361
26	26	101	101	1.0	1/4	1/4	4/4	2	1	1/4		1/4	1		0	60	C4	4	361
26	26	101	101	1.0	1/4	1/4	4/4	2	1	1/4		1/4	1		2	62	D4	4	361
26	26	101	101	0.6666666666666666	1/4	1/4	4/4	1	1	1/6		1/4	2/3		-2	82	Bb5	5	353
26	26	305/3	305/3	0.3333333333333333	5/12	5/12	4/4	1	1	1/12		1/8	2/3		3	81	A5	5	354
26	26	102	102	1.0	1/2	1/2	4/4	2	2	1/4		1/4	1		1	43	G2	2	366
26	26	102	102	0.3333333333333333	1/2	1/2	4/4	1	1	1/12		1/8	2/3		3	81	A5	5	355
26	26	307/3	307/3	0.3333333333333333	7/12	7/12	4/4	1	1	1/12		1/8	2/3		1	79	G5	5	356
26	26	308/3	308/3	0.3333333333333333	2/3	2/3	4/4	2	1	1/12		1/8	2/3		2	62	D4	4	362
26	26	308/3	308/3	0.3333333333333333	2/3	2/3	4/4	1	1	1/12		1/8	2/3		6	78	F#5	5	357
26	26	103	103	1.0	3/4	3/4	4/4	2	2	1/4		1/4	1		1	55	G3	3	367
26	26	103	103	1.0	3/4	3/4	4/4	2	2	1/4		1/4	1		-2	58	Bb3	3	367
26	26	103	103	0.3333333333333333	3/4	3/4	4/4	2	1	1/12		1/8	2/3		-1	65	F4	4	363
26	26	103	103	0.6666666666666666	3/4	3/4	4/4	1	1	1/6		1/4	2/3		3	81	A5	5	358
26	26	310/3	310/3	0.3333333333333333	5/6	5/6	4/4	2	1	1/12		1/8	2/3		4	64	E4	4	364
26	26	311/3	311/3	0.3333333333333333	11/12	11/12	4/4	2	1	1/12		1/8	2/3		2	62	D4	4	365
26	26	311/3	311/3	0.3333333333333333	11/12	11/12	4/4	1	1	1/12		1/8	2/3		1	79	G5	5	359
27	27	104	104	0.0	0	0	4/4	2	2	0	acciaccatura	1/8	1		0	48	C3	3	383
27	27	104	104	2.0	0	0	4/4	2	2	1/2		1/2	1		1	55	G3	3	384
27	27	104	104	2.0	0	0	4/4	2	2	1/2		1/2	1		0	60	C4	4	384
27	27	104	104	1.0	0	0	4/4	2	1	1/4		1/4	1		-1	65	F4	4	377
27	27	313/3	313/3	0.3333333333333333	1/12	1/12	4/4	1	1	1/12		1/8	2/3		1	79	G5	5	368
27	27	314/3	314/3	0.3333333333333333	1/6	1/6	4/4	1	1	1/12		1/8	2/3		6	78	F#5	5	369
27	27	105	105	1.0	1/4	1/4	4/4	2	1	1/4		1/4	1		4	64	E4	4	378
27	27	105	105	0.6666666666666666	1/4	1/4	4/4	1	1	1/6		1/4	2/3		3	81	A5	5	370
27	27	317/3	317/3	0.3333333333333333	5/12	5/12	4/4	1	1	1/12		1/8	2/3		1	79	G5	5	371
27	27	106	106	1.0	1/2	1/2	4/4	2	2	1/4		1/4	1		-1	41	F2	2	385
27	27	106	106	0.3333333333333333	1/2	1/2	4/4	1	1	1/12		1/8	2/3		1	79	G5	5	372
27	27	319/3	319/3	0.3333333333333333	7/12	7/12	4/4	1	1	1/12		1/8	2/3		-1	77	F5	5	373
27	27	320/3	320/3	0.3333333333333333	2/3	2/3	4/4	2	1	1/12		1/8	2/3		0	60	C4	4	379
27	27	320/3	320/3	0.3333333333333333	2/3	2/3	4/4	1	1	1/12		1/8	2/3		4	76	E5	5	374
27	27	107	107	1.0	3/4	3/4	4/4	2	2	1/4		1/4	1		-1	53	F3	3	386
27	27	107	107	1.0	3/4	3/4	4/4	2	2	1/4		1/4	1		3	57	A3	3	386
27	27	107	107	0.3333333333333333	3/4	3/4	4/4	2	1	1/12		1/8	2/3		4	64	E4	4	380
27	27	107	107	0.6666666666666666	3/4	3/4	4/4	1	1	1/6		1/4	2/3		1	79	G5	5	375
27	27	322/3	322/3	0.3333333333333333	5/6	5/6	4/4	2	1	1/12		1/8	2/3		2	62	D4	4	381
27	27	323/3	323/3	0.3333333333333333	11/12	11/12	4/4	2	1	1/12		1/8	2/3		7	61	C#4	4	382
27	27	323/3	323/3	0.3333333333333333	11/12	11/12	4/4	1	1	1/12		1/8	2/3		-1	77	F5	5	376
28	28	108	108	0.0	0	0	4/4	2	2	0	acciaccatura	1/8	1		-2	46	Bb2	2	400
28	28	108	108	2.0	0	0	4/4	2	2	1/2		1/2	1		-1	53	F3	3	401
28	28	108	108	2.0	0	0	4/4	2	2	1/2		1/2	1		-2	58	Bb3	3	401
28	28	108	108	1.0	0	0	4/4	2	1	1/4		1/4	1		4	64	E4	4	397
28	28	325/3	325/3	0.3333333333333333	1/12	1/12	4/4	1	1	1/12		1/8	2/3		-1	77	F5	5	387
28	28	326/3	326/3	0.3333333333333333	1/6	1/6	4/4	1	1	1/12		1/8	2/3		4	76	E5	5	388
28	28	109	109	1.0	1/4	1/4	4/4	2	1	1/4		1/4	1		2	62	D4	4	398
28	28	109	109	0.6666666666666666	1/4	1/4	4/4	1	1	1/6		1/4	2/3		1	79	G5	5	389
28	28	329/3	329/3	0.3333333333333333	5/12	5/12	4/4	1	1	1/12		1/8	2/3		-1	77	F5	5	390
28	28	110	110	1.0	1/2	1/2	4/4	2	2	1/4		1/4	1		1	43	G2	2	402
28	28	110	110	0.3333333333333333	1/2	1/2	4/4	1	1	1/12		1/8	2/3		-1	77	F5	5	391
28	28	331/3	331/3	0.3333333333333333	7/12	7/12	4/4	1	1	1/12		1/8	2/3		4	76	E5	5	392
28	28	332/3	332/3	0.3333333333333333	2/3	2/3	4/4	1	1	1/12		1/8	2/3		2	74	D5	5	393
28	28	111	111	1.0	3/4	3/4	4/4	2	1	1/4		1/4	1		1	55	G3	3	399
28	28	111	111	1.0	3/4	3/4	4/4	2	1	1/4		1/4	1		-2	58	Bb3	3	399
28	28	111	111	1.0	3/4	3/4	4/4	2	1	1/4		1/4	1		2	62	D4	4	399
28	28	111	111	0.3333333333333333	3/4	3/4	4/4	1	1	1/12		1/8	2/3		-1	77	F5	5	394
28	28	334/3	334/3	0.3333333333333333	5/6	5/6	4/4	1	1	1/12		1/8	2/3		4	76	E5	5	395
28	28	335/3	335/3	0.3333333333333333	11/12	11/12	4/4	1	1	1/12		1/8	2/3		2	74	D5	5	396
29	29	112	112	1.0	0	0	4/4	2	1	1/4		1/4	1		4	40	E2	2	413
29	29	337/3	337/3	0.3333333333333333	1/12	1/12	4/4	1	1	1/12		1/8	2/3		1	67	G4	4	403
29	29	338/3	338/3	0.3333333333333333	1/6	1/6	4/4	1	1	1/12		1/8	2/3		3	69	A4	4	404
29	29	113	113	1.0	1/4	1/4	4/4	2	1	1/4		1/4	1		4	52	E3	3	414
29	29	113	113	1.0	1/4	1/4	4/4	2	1	1/4		1/4	1		1	55	G3	3	414
29	29	113	113	1.0	1/4	1/4	4/4	2	1	1/4		1/4	1		2	62	D4	4	414
29	29	113	113	0.3333333333333333	1/4	1/4	4/4	1	1	1/12		1/8	2/3		-2	70	Bb4	4	405
29	29	340/3	340/3	0.3333333333333333	1/3	1/3	4/4	1	1	1/12		1/8	2/3		-1	77	F5	5	406
29	29	341/3	341/3	0.3333333333333333	5/12	5/12	4/4	1	1	1/12		1/8	2/3		4	76	E5	5	407
29	29	114	114	1.0	1/2	1/2	4/4	2	1	1/4		1/4	1		3	45	A2	2	415
29	29	114	114	0.3333333333333333	1/2	1/2	4/4	1	1	1/12		1/8	2/3		2	74	D5	5	408
29	29	343/3	343/3	0.3333333333333333	7/12	7/12	4/4	1	1	1/12		1/8	2/3		7	73	C#5	5	409
29	29	344/3	344/3	0.3333333333333333	2/3	2/3	4/4	1	1	1/12		1/8	2/3		12	72	B#4	4	410
29	29	115	115	1.0	3/4	3/4	4/4	2	1	1/4		1/4	1		4	52	E3	3	416
29	29	115	115	1.0	3/4	3/4	4/4	2	1	1/4		1/4	1		3	57	A3	3	416
29	29	115	115	1.0	3/4	3/4	4/4	2	1	1/4		1/4	1		4	64	E4	4	416
29	29	115	115	0.6666666666666666	3/4	3/4	4/4	1	1	1/6		1/4	2/3		7	73	C#5	5	411
29	29	347/3	347/3	0.3333333333333333	11/12	11/12	4/4	1	1	1/12		1/8	2/3		3	69	A4	4	412
30	30	116	116	2.0	0	0	4/4	2	2	1/2		1/2	1		1	43	G2	2	429
30	30	116	116	2.0	0	0	4/4	2	1	1/2		1/2	1	1	4	52	E3	3	423
30	30	116	116	2.0	0	0	4/4	2	2	1/2		1/2	1		-2	58	Bb3	3	429
30	30	116	116	2.0	0	0	4/4	1	2	1/2		1/2	1		2	62	D4	4	422
30	30	349/3	349/3	0.3333333333333333	1/12	1/12	4/4	1	1	1/12		1/8	2/3		1	67	G4	4	417
30	30	350/3	350/3	0.3333333333333333	1/6	1/6	4/4	1	1	1/12		1/8	2/3		6	66	F#4	4	418
30	30	117	117	0.6666666666666666	1/4	1/4	4/4	1	1	1/6		1/4	2/3		3	69	A4	4	419
30	30	353/3	353/3	0.3333333333333333	5/12	5/12	4/4	1	1	1/12		1/8	2/3		1	67	G4	4	420
30	30	118	118	0.5	1/2	1/2	4/4	2	2	1/8		1/8	1		3	45	A2	2	430
30	30	118	118	0.3333333333333333	1/2	1/2	4/4	2	1	1/12		1/8	2/3	-1	4	52	E3	3	424
30	30	118	118	0.5	1/2	1/2	4/4	2	2	1/8		1/8	1		3	57	A3	3	430
30	30	118	118	0.5	1/2	1/2	4/4	1	1	1/8		1/8	1		7	61	C#4	4	421
30	30	118	118	0.5	1/2	1/2	4/4	1	1	1/8		1/8	1		1	67	G4	4	421
30	30	355/3	355/3	0.3333333333333333	7/12	7/12	4/4	2	1	1/12		1/8	2/3		4	52	E3	3	425
30	30	356/3	356/3	0.3333333333333333	2/3	2/3	4/4	2	1	1/12		1/8	2/3		9	51	D#3	3	426
30	30	119	119	0.6666666666666666	3/4	3/4	4/4	2	1	1/6		1/4	2/3		-1	53	F3	3	427
30	30	359/3	359/3	0.3333333333333333	11/12	11/12	4/4	2	1	1/12		1/8	2/3		4	52	E3	3	428
31	31	120	120	2.0	0	0	4/4	2	2	1/2		1/2	1		1	43	G2	2	443
31	31	120	120	2.0	0	0	4/4	2	1	1/2		1/2	1	1	4	52	E3	3	437
31	31	120	120	2.0	0	0	4/4	2	2	1/2		1/2	1		-2	58	Bb3	3	443
31	31	120	120	2.0	0	0	4/4	1	2	1/2		1/2	1		2	62	D4	4	436
31	31	361/3	361/3	0.3333333333333333	1/12	1/12	4/4	1	1	1/12		1/8	2/3		1	67	G4	4	431
31	31	362/3	362/3	0.3333333333333333	1/6	1/6	4/4	1	1	1/12		1/8	2/3		6	66	F#4	4	432
31	31	121	121	0.6666666666666666	1/4	1/4	4/4	1	1	1/6		1/4	2/3		3	69	A4	4	433
31	31	365/3	365/3	0.3333333333333333	5/12	5/12	4/4	1	1	1/12		1/8	2/3		1	67	G4	4	434
31	31	122	122	0.5	1/2	1/2	4/4	2	2	1/8		1/8	1		3	45	A2	2	444
31	31	122	122	0.3333333333333333	1/2	1/2	4/4	2	1	1/12		1/8	2/3	-1	4	52	E3	3	438
31	31	122	122	0.5	1/2	1/2	4/4	2	2	1/8		1/8	1		3	57	A3	3	444
31	31	122	122	0.5	1/2	1/2	4/4	1	1	1/8		1/8	1		7	61	C#4	4	435
31	31	122	122	0.5	1/2	1/2	4/4	1	1	1/8		1/8	1		1	67	G4	4	435
31	31	367/3	367/3	0.3333333333333333	7/12	7/12	4/4	2	1	1/12		1/8	2/3		4	52	E3	3	439
31	31	368/3	368/3	0.3333333333333333	2/3	2/3	4/4	2	1	1/12		1/8	2/3		9	51	D#3	3	440
31	31	123	123	0.6666666666666666	3/4	3/4	4/4	2	1	1/6		1/4	2/3		-1	53	F3	3	441
31	31	371/3	371/3	0.3333333333333333	11/12	11/12	4/4	2	1	1/12		1/8	2/3		4	52	E3	3	442
32	32	124	124	0.6666666666666666	0	0	4/4	2	1	1/6		1/4	2/3		3	57	A3	3	445
32	32	374/3	374/3	0.3333333333333333	1/6	1/6	4/4	2	1	1/12		1/8	2/3		1	55	G3	3	446
32	32	125	125	0.6666666666666666	1/4	1/4	4/4	2	1	1/6		1/4	2/3		2	62	D4	4	447
32	32	377/3	377/3	0.3333333333333333	5/12	5/12	4/4	2	1	1/12		1/8	2/3		7	61	C#4	4	448
32	32	126	126	0.3333333333333333	1/2	1/2	4/4	2	1	1/12		1/8	2/3		-1	65	F4	4	449
32	32	379/3	379/3	0.3333333333333333	7/12	7/12	4/4	2	1	1/12		1/8	2/3		4	64	E4	4	450
32	32	380/3	380/3	0.3333333333333333	2/3	2/3	4/4	2	1	1/12		1/8	2/3	1	2	62	D4	4	451
32	32	127	127	0.3333333333333333	3/4	3/4	4/4	2	1	1/12		1/8	2/3	-1	2	62	D4	4	452
32	32	382/3	382/3	0.3333333333333333	5/6	5/6	4/4	2	1	1/12		1/8	2/3		7	61	C#4	4	453
32	32	383/3	383/3	0.3333333333333333	11/12	11/12	4/4	2	1	1/12		1/8	2/3	1	-2	58	Bb3	3	454
33	33	128	128	0.6666666666666666	0	0	4/4	2	1	1/6		1/4	2/3	-1	-2	58	Bb3	3	455
33	33	386/3	386/3	0.3333333333333333	1/6	1/6	4/4	2	1	1/12		1/8	2/3	1	3	57	A3	3	456
33	33	129	129	0.6666666666666666	1/4	1/4	4/4	2	1	1/6		1/4	2/3	-1	3	57	A3	3	457
33	33	389/3	389/3	0.3333333333333333	5/12	5/12	4/4	2	1	1/12		1/8	2/3	1	1	55	G3	3	458
33	33	130	130	0.6666666666666666	1/2	1/2	4/4	2	1	1/6		1/4	2/3	-1	1	55	G3	3	459
33	33	392/3	392/3	0.3333333333333333	2/3	2/3	4/4	2	1	1/12		1/8	2/3	1	-1	53	F3	3	460
33	33	131	131	0.6666666666666666	3/4	3/4	4/4	2	1	1/6		1/4	2/3	-1	-1	53	F3	3	461
33	33	395/3	395/3	0.3333333333333333	11/12	11/12	4/4	2	1	1/12		1/8	2/3		4	52	E3	3	462
34	34	132	132	2.0	0	0	4/4	2	1	1/2		1/2	1		2	50	D3	3	467
34	34	132	132	2.0	0	0	4/4	2	1	1/2		1/2	1		3	57	A3	3	467
34	34	132	132	2.0	0	0	4/4	2	1	1/2		1/2	1		2	62	D4	4	467
34	34	132	132	2.0	0	0	4/4	1	2	1/2		1/2	1		-1	65	F4	4	465
34	34	132	132	2.0	0	0	4/4	1	2	1/2		1/2	1		3	69	A4	4	465
34	34	133	133	2.0	1/4	1/4	4/4	1	1	1/2		1/2	1		-1	77	F5	5	463
34	34	134	134	2.0	1/2	1/2	4/4	2	1	1/2		1/2	1		2	50	D3	3	468
34	34	134	134	2.0	1/2	1/2	4/4	2	1	1/2		1/2	1		3	57	A3	3	468
34	34	134	134	2.0	1/2	1/2	4/4	2	1	1/2		1/2	1		7	61	C#4	4	468
34	34	134	134	2.0	1/2	1/2	4/4	1	2	1/2		1/2	1		1	67	G4	4	466
34	34	134	134	2.0	1/2	1/2	4/4	1	2	1/2		1/2	1		3	69	A4	4	466
34	34	135	135	1.0	3/4	3/4	4/4	1	1	1/4		1/4	1	1	4	76	E5	5	464
35	35	136	136	1.0	0	0	4/4	2	1	1/4		1/4	1		2	50	D3	3	477
35	35	136	136	1.0	0	0	4/4	2	1	1/4		1/4	1		3	57	A3	3	477
35	35	136	136	1.0	0	0	4/4	2	1	1/4		1/4	1		2	62	D4	4	477
35	35	136	136	1.0	0	0	4/4	1	2	1/4		1/4	1		-1	65	F4	4	475
35	35	136	136	1.0	0	0	4/4	1	2	1/4		1/4	1		3	69	A4	4	475
35	35	136	136	0.5	0	0	4/4	1	1	1/8		1/8	1	-1	4	76	E5	5	469
35	35	273/2	273/2	0.5	1/8	1/8	4/4	1	1	1/8		1/8	1		2	74	D5	5	470
35	35	137	137	0.5	1/4	1/4	4/4	1	1	1/8		1/8	1		8	68	G#4	4	471
35	35	275/2	275/2	0.5	3/8	3/8	4/4	1	1	1/8		1/8	1		3	69	A4	4	472
35	35	138	138	1.0	1/2	1/2	4/4	2	2	1/4		1/4	1		-1	53	F3	3	479
35	35	138	138	2.0	1/2	1/2	4/4	2	1	1/2		1/2	1		3	57	A3	3	478
35	35	138	138	2.0	1/2	1/2	4/4	1	2	1/2		1/2	1	1	2	62	D4	4	476
35	35	138	138	2.0	1/2	1/2	4/4	1	2	1/2		1/2	1		3	69	A4	4	476
35	35	138	138	1.5	1/2	1/2	4/4	1	1	3/8		1/4	3/2		2	74	D5	5	473
35	35	139	139	1.0	3/4	3/4	4/4	2	2	1/4		1/4	1		6	54	F#3	3	480
35	35	279/2	279/2	0.5	7/8	7/8	4/4	1	1	1/8		1/8	1		0	72	C5	5	474
36	36	140	140	1.0	0	0	4/4	2	1	1/4		1/4	1		1	55	G3	3	486
36	36	140	140	1.0	0	0	4/4	2	2	1/4		1/4	1		1	55	G3	3	488
36	36	140	140	1.0	0	0	4/4	1	2	1/4		1/4	1	-1	2	62	D4	4	484
36	36	140	140	1.0	0	0	4/4	1	2	1/4		1/4	1		1	67	G4	4	484
36	36	140	140	1.0	0	0	4/4	1	1	1/4		1/4	1		-2	70	Bb4	4	481
36	36	141	141	2.0	1/4	1/4	4/4	1	1	1/2		1/2	1		-2	70	Bb4	4	482
36	36	142	142	2.0	1/2	1/2	4/4	2	1	1/2		1/2	1		3	45	A2	2	487
36	36	142	142	2.0	1/2	1/2	4/4	2	1	1/2		1/2	1		2	50	D3	3	487
36	36	142	142	2.0	1/2	1/2	4/4	1	2	1/2		1/2	1		0	60	C4	4	485
36	36	142	142	2.0	1/2	1/2	4/4	1	2	1/2		1/2	1		2	62	D4	4	485
36	36	143	143	1.0	3/4	3/4	4/4	1	1	1/4		1/4	1	1	6	66	F#4	4	483
37	37	144	144	2.0	0	0	4/4	2	2	1/2		1/2	1		-2	46	Bb2	2	500
37	37	144	144	2.0	0	0	4/4	2	2	1/2		1/2	1		2	50	D3	3	500
37	37	144	144	1.0	0	0	4/4	1	2	1/4		1/4	1		-2	58	Bb3	3	495
37	37	144	144	1.0	0	0	4/4	1	2	1/4		1/4	1		2	62	D4	4	495
37	37	144	144	0.5	0	0	4/4	1	1	1/8		1/8	1	-1	6	66	F#4	4	489
37	37	289/2	289/2	0.5	1/8	1/8	4/4	1	1	1/8		1/8	1		1	67	G4	4	490
37	37	145	145	1.0	1/4	1/4	4/4	2	1	1/4		1/4	1		-2	58	Bb3	3	498
37	37	145	145	1.0	1/4	1/4	4/4	1	2	1/4		1/4	1		4	64	E4	4	496
37	37	145	145	1.0	1/4	1/4	4/4	1	2	1/4		1/4	1		1	67	G4	4	496
37	37	145	145	0.5	1/4	1/4	4/4	1	1	1/8		1/8	1		4	76	E5	5	491
37	37	291/2	291/2	0.5	3/8	3/8	4/4	1	1	1/8		1/8	1		2	74	D5	5	492
37	37	146	146	2.0	1/2	1/2	4/4	2	2	1/2		1/2	1		3	45	A2	2	501
37	37	146	146	2.0	1/2	1/2	4/4	2	2	1/2		1/2	1		4	52	E3	3	501
37	37	146	146	2.0	1/2	1/2	4/4	2	1	1/2		1/2	1		3	57	A3	3	499
37	37	146	146	2.0	1/2	1/2	4/4	1	2	1/2		1/2	1		4	64	E4	4	497
37	37	146	146	2.0	1/2	1/2	4/4	1	2	1/2		1/2	1		1	67	G4	4	497
37	37	146	146	1.0	1/2	1/2	4/4	1	1	1/4		1/4	1		2	74	D5	5	493
37	37	147	147	1.0	3/4	3/4	4/4	1	1	1/4		1/4	1		7	73	C#5	5	494
38	38	148	148	2.0	0	0	4/4	2	2	1/2		1/2	1		1	55	G3	3	510
38	38	445/3	445/3	0.3333333333333333	1/12	1/12	4/4	1	1	1/12		1/8	2/3		3	69	A4	4	502
38	38	446/3	446/3	0.3333333333333333	1/6	1/6	4/4	1	1	1/12		1/8	2/3		5	71	B4	4	503
38	38	149	149	1.0	1/4	1/4	4/4	2	1	1/4		1/4	1		3	57	A3	3	508
38	38	149	149	1.0	1/4	1/4	4/4	2	1	1/4		1/4	1		7	61	C#4	4	508
38	38	149	149	1.0	1/4	1/4	4/4	2	1	1/4		1/4	1		4	64	E4	4	508
38	38	149	149	0.3333333333333333	1/4	1/4	4/4	1	1	1/12		1/8	2/3		7	73	C#5	5	504
38	38	448/3	448/3	0.3333333333333333	1/3	1/3	4/4	1	1	1/12		1/8	2/3		2	74	D5	5	505
38	38	449/3	449/3	0.3333333333333333	5/12	5/12	4/4	1	1	1/12		1/8	2/3		4	76	E5	5	506
38	38	150	150	2.0	1/2	1/2	4/4	2	2	1/2		1/2	1		-1	53	F3	3	511
38	38	150	150	2.0	1/2	1/2	4/4	1	1	1/2		1/2	1	1	3	81	A5	5	507
38	38	151	151	1.0	3/4	3/4	4/4	2	1	1/4		1/4	1		3	57	A3	3	509
38	38	151	151	1.0	3/4	3/4	4/4	2	1	1/4		1/4	1		2	62	D4	4	509
38	38	151	151	1.0	3/4	3/4	4/4	2	1	1/4		1/4	1		-1	65	F4	4	509
39	39	152	152	2.0	0	0	4/4	2	2	1/2		1/2	1		4	52	E3	3	522
39	39	152	152	0.3333333333333333	0	0	4/4	1	1	1/12		1/8	2/3	-1	3	81	A5	5	512
39	39	457/3	457/3	0.3333333333333333	1/12	1/12	4/4	1	1	1/12		1/8	2/3		3	69	A4	4	513
39	39	458/3	458/3	0.3333333333333333	1/6	1/6	4/4	1	1	1/12		1/8	2/3		5	71	B4	4	514
39	39	153	153	1.0	1/4	1/4	4/4	2	1	1/4		1/4	1		3	57	A3	3	520
39	39	153	153	1.0	1/4	1/4	4/4	2	1	1/4		1/4	1		7	61	C#4	4	520
39	39	153	153	1.0	1/4	1/4	4/4	2	1	1/4		1/4	1		1	67	G4	4	520
39	39	153	153	0.3333333333333333	1/4	1/4	4/4	1	1	1/12		1/8	2/3		7	73	C#5	5	515
39	39	460/3	460/3	0.3333333333333333	1/3	1/3	4/4	1	1	1/12		1/8	2/3		2	74	D5	5	516
39	39	461/3	461/3	0.3333333333333333	5/12	5/12	4/4	1	1	1/12		1/8	2/3		4	76	E5	5	517
39	39	154	154	2.0	1/2	1/2	4/4	2	2	1/2		1/2	1		2	50	D3	3	523
39	39	154	154	1.5	1/2	1/2	4/4	1	1	3/8		1/4	3/2		3	81	A5	5	518
39	39	155	155	1.0	3/4	3/4	4/4	2	1	1/4		1/4	1		3	57	A3	3	521
39	39	155	155	1.0	3/4	3/4	4/4	2	1	1/4		1/4	1		0	60	C4	4	521
39	39	155	155	1.0	3/4	3/4	4/4	2	1	1/4		1/4	1		6	66	F#4	4	521
39	39	311/2	311/2	0.5	7/8	7/8	4/4	1	1	1/8		1/8	1		2	74	D5	5	519
40	40	156	156	1.0	0	0	4/4	2	1	1/4		1/4	1		1	43	G2	2	536
40	40	156	156	0.3333333333333333	0	0	4/4	1	1	1/12		1/8	2/3		1	79	G5	5	524
40	40	469/3	469/3	0.3333333333333333	1/12	1/12	4/4	1	1	1/12		1/8	2/3		-1	77	F5	5	525
40	40	470/3	470/3	0.3333333333333333	1/6	1/6	4/4	1	1	1/12		1/8	2/3		4	76	E5	5	526
40	40	157	157	0.0	1/4	1/4	4/4	1	1	0	grace16	1/16	2/3		2	74	D5	5	527
40	40	157	157	0.0	1/4	1/4	4/4	1	1	0	grace16	1/16	2/3		4	76	E5	5	528
40	40	157	157	1.0	1/4	1/4	4/4	2	1	1/4		1/4	1		1	55	G3	3	537
40	40	157	157	1.0	1/4	1/4	4/4	2	1	1/4		1/4	1		-2	58	Bb3	3	537
40	40	157	157	1.0	1/4	1/4	4/4	2	1	1/4		1/4	1		2	62	D4	4	537
40	40	157	157	1.0	1/4	1/4	4/4	2	1	1/4		1/4	1		1	67	G4	4	537
40	40	157	157	0.3333333333333333	1/4	1/4	4/4	1	1	1/12		1/8	2/3		2	74	D5	5	529
40	40	472/3	472/3	0.3333333333333333	1/3	1/3	4/4	1	1	1/12		1/8	2/3		7	73	C#5	5	530
40	40	473/3	473/3	0.3333333333333333	5/12	5/12	4/4	1	1	1/12		1/8	2/3		2	74	D5	5	531
40	40	158	158	1.0	1/2	1/2	4/4	2	1	1/4		1/4	1		8	44	G#2	2	538
40	40	158	158	1.0	1/2	1/2	4/4	1	1	1/4		1/4	1	1	-1	77	F5	5	532
40	40	159	159	1.0	3/4	3/4	4/4	2	1	1/4		1/4	1		8	56	G#3	3	539
40	40	159	159	1.0	3/4	3/4	4/4	2	1	1/4		1/4	1		5	59	B3	3	539
40	40	159	159	1.0	3/4	3/4	4/4	2	1	1/4		1/4	1		2	62	D4	4	539
40	40	159	159	1.0	3/4	3/4	4/4	2	1	1/4		1/4	1		-1	65	F4	4	539
40	40	159	159	0.3333333333333333	3/4	3/4	4/4	1	1	1/12		1/8	2/3	-1	-1	77	F5	5	533
40	40	478/3	478/3	0.3333333333333333	5/6	5/6	4/4	1	1	1/12		1/8	2/3		4	76	E5	5	534
40	40	479/3	479/3	0.3333333333333333	11/12	11/12	4/4	1	1	1/12		1/8	2/3	1	2	74	D5	5	535
41	41	160	160	1.0	0	0	4/4	2	1	1/4		1/4	1		3	45	A2	2	553
41	41	160	160	0.3333333333333333	0	0	4/4	1	1	1/12		1/8	2/3	-1	2	74	D5	5	540
41	41	481/3	481/3	0.3333333333333333	1/12	1/12	4/4	1	1	1/12		1/8	2/3		7	73	C#5	5	541
41	41	482/3	482/3	0.3333333333333333	1/6	1/6	4/4	1	1	1/12		1/8	2/3	1	0	72	C5	5	542
41	41	161	161	1.0	1/4	1/4	4/4	2	1	1/4		1/4	1		3	57	A3	3	554
41	41	161	161	1.0	1/4	1/4	4/4	2	1	1/4		1/4	1		2	62	D4	4	554
41	41	161	161	1.0	1/4	1/4	4/4	2	1	1/4		1/4	1		-1	65	F4	4	554
41	41	161	161	0.3333333333333333	1/4	1/4	4/4	1	1	1/12		1/8	2/3	-1	0	72	C5	5	543
41	41	484/3	484/3	0.3333333333333333	1/3	1/3	4/4	1	1	1/12		1/8	2/3		5	71	B4	4	544
41	41	485/3	485/3	0.3333333333333333	5/12	5/12	4/4	1	1	1/12		1/8	2/3	1	-2	70	Bb4	4	545
41	41	162	162	1.0	1/2	1/2	4/4	2	1	1/4		1/4	1		3	45	A2	2	555
41	41	162	162	0.3333333333333333	1/2	1/2	4/4	1	1	1/12		1/8	2/3	-1	-2	70	Bb4	4	546
41	41	487/3	487/3	0.3333333333333333	7/12	7/12	4/4	1	1	1/12		1/8	2/3		3	69	A4	4	547
41	41	488/3	488/3	0.3333333333333333	2/3	2/3	4/4	1	1	1/12		1/8	2/3	1	-1	65	F4	4	548
41	41	163	163	1.0	3/4	3/4	4/4	2	1	1/4		1/4	1		1	55	G3	3	556
41	41	163	163	1.0	3/4	3/4	4/4	2	1	1/4		1/4	1		3	57	A3	3	556
41	41	163	163	1.0	3/4	3/4	4/4	2	1	1/4		1/4	1		7	61	C#4	4	556
41	41	163	163	0.6666666666666666	3/4	3/4	4/4	1	1	1/6		1/4	2/3	-1	-1	65	F4	4	549
41	41	491/3	491/3	0.0	11/12	11/12	4/4	1	1	0	grace16	1/16	2/3		4	64	E4	4	550
41	41	491/3	491/3	0.0	11/12	11/12	4/4	1	1	0	grace16	1/16	2/3		-1	65	F4	4	551
41	41	491/3	491/3	0.3333333333333333	11/12	11/12	4/4	1	1	1/12		1/8	2/3		4	64	E4	4	552
42	42	164	164	2.0	0	0	4/4	2	2	1/2		1/2	1		2	50	D3	3	564
42	42	164	164	2.0	0	0	4/4	2	2	1/2		1/2	1		-1	53	F3	3	564
42	42	164	164	2.0	0	0	4/4	2	2	1/2		1/2	1		3	57	A3	3	564
42	42	164	164	1.0	0	0	4/4	1	1	1/4		1/4	1		2	62	D4	4	557
42	42	165	165	2.0	1/4	1/4	4/4	2	1	1/2		1/2	1		-1	65	F4	4	562
42	42	331/2	331/2	0.5	3/8	3/8	4/4	1	1	1/8		1/8	1	1	3	69	A4	4	558
42	42	166	166	2.0	1/2	1/2	4/4	2	2	1/2		1/2	1		1	55	G3	3	565
42	42	166	166	2.0	1/2	1/2	4/4	2	2	1/2		1/2	1		3	57	A3	3	565
42	42	166	166	0.5	1/2	1/2	4/4	1	1	1/8		1/8	1	-1	3	69	A4	4	559
42	42	333/2	333/2	1.0	5/8	5/8	4/4	1	1	1/4		1/4	1		5	71	B4	4	560
42	42	167	167	1.0	3/4	3/4	4/4	2	1	1/4		1/4	1	1	4	64	E4	4	563
42	42	335/2	335/2	0.5	7/8	7/8	4/4	1	1	1/8		1/8	1	1	7	73	C#5	5	561
43	43	168	168	1.0	0	0	4/4	2	2	1/4		1/4	1		-1	53	F3	3	579
43	43	168	168	1.0	0	0	4/4	2	2	1/4		1/4	1		3	57	A3	3	579
43	43	168	168	0.5	0	0	4/4	2	1	1/8		1/8	1	-1	4	64	E4	4	573
43	43	168	168	0.5	0	0	4/4	1	1	1/8		1/8	1	-1	7	73	C#5	5	566
43	43	337/2	337/2	0.5	1/8	1/8	4/4	2	1	1/8		1/8	1		2	62	D4	4	574
43	43	337/2	337/2	1.0	1/8	1/8	4/4	1	1	1/4		1/4	1		2	74	D5	5	567
43	43	169	169	0.5	1/4	1/4	4/4	2	1	1/8		1/8	1		8	56	G#3	3	575
43	43	339/2	339/2	0.5	3/8	3/8	4/4	2	1	1/8		1/8	1	1	3	57	A3	3	576
43	43	339/2	339/2	0.5	3/8	3/8	4/4	1	1	1/8		1/8	1	1	7	73	C#5	5	568
43	43	170	170	2.0	1/2	1/2	4/4	2	2	1/2		1/2	1		6	54	F#3	3	580
43	43	170	170	2.0	1/2	1/2	4/4	2	2	1/2		1/2	1	-1	3	57	A3	3	580
43	43	170	170	1.5	1/2	1/2	4/4	2	1	3/8		1/4	3/2		2	62	D4	4	577
43	43	170	170	0.5	1/2	1/2	4/4	1	1	1/8		1/8	1	-1	7	73	C#5	5	569
43	43	341/2	341/2	0.5	5/8	5/8	4/4	1	1	1/8		1/8	1		0	72	C5	5	570
43	43	171	171	0.5	3/4	3/4	4/4	1	1	1/8		1/8	1		-2	70	Bb4	4	571
43	43	343/2	343/2	0.5	7/8	7/8	4/4	2	1	1/8		1/8	1		0	60	C4	4	578
43	43	343/2	343/2	0.5	7/8	7/8	4/4	1	1	1/8		1/8	1		3	69	A4	4	572
44	44	172	172	1.0	0	0	4/4	2	2	1/4		1/4	1		1	43	G2	2	589
44	44	172	172	1.0	0	0	4/4	2	2	1/4		1/4	1		2	50	D3	3	589
44	44	172	172	0.5	0	0	4/4	2	1	1/8		1/8	1		-2	58	Bb3	3	586
44	44	172	172	0.5	0	0	4/4	1	1	1/8		1/8	1		1	67	G4	4	581
44	44	345/2	345/2	1.0	1/8	1/8	4/4	1	1	1/4		1/4	1		2	62	D4	4	582
44	44	173	173	2.0	1/4	1/4	4/4	2	1	1/2		1/2	1		-2	58	Bb3	3	587
44	44	347/2	347/2	1.0	3/8	3/8	4/4	1	1	1/4		1/4	1		2	74	D5	5	583
44	44	174	174	2.0	1/2	1/2	4/4	2	2	1/2		1/2	1		0	48	C3	3	590
44	44	174	174	2.0	1/2	1/2	4/4	2	2	1/2		1/2	1		2	50	D3	3	590
44	44	349/2	349/2	1.0	5/8	5/8	4/4	1	1	1/4		1/4	1		-2	70	Bb4	4	584
44	44	175	175	1.0	3/4	3/4	4/4	2	1	1/4		1/4	1	1	6	54	F#3	3	588
44	44	351/2	351/2	0.5	7/8	7/8	4/4	1	1	1/8		1/8	1	1	3	69	A4	4	585
45	45	176	176	0.5	0	0	4/4	2	2	1/8		1/8	1		-2	46	Bb2	2	604
45	45	176	176	0.5	0	0	4/4	2	2	1/8		1/8	1		2	50	D3	3	604
45	45	176	176	0.5	0	0	4/4	2	1	1/8		1/8	1	-1	6	54	F#3	3	598
45	45	176	176	0.5	0	0	4/4	1	1	1/8		1/8	1	-1	3	69	A4	4	591
45	45	353/2	353/2	0.5	1/8	1/8	4/4	2	1	1/8		1/8	1		1	55	G3	3	599
45	45	353/2	353/2	0.5	1/8	1/8	4/4	1	1	1/8		1/8	1	1	1	67	G4	4	592
45	45	177	177	0.5	1/4	1/4	4/4	2	1	1/8		1/8	1		4	64	E4	4	600
45	45	177	177	0.5	1/4	1/4	4/4	1	1	1/8		1/8	1	-1	1	67	G4	4	593
45	45	355/2	355/2	0.5	3/8	3/8	4/4	2	1	1/8		1/8	1		2	62	D4	4	601
45	45	355/2	355/2	0.5	3/8	3/8	4/4	1	1	1/8		1/8	1	1	8	68	G#4	4	594
45	45	178	178	2.0	1/2	1/2	4/4	2	2	1/2		1/2	1		3	45	A2	2	605
45	45	178	178	2.0	1/2	1/2	4/4	2	2	1/2		1/2	1		4	52	E3	3	605
45	45	178	178	1.0	1/2	1/2	4/4	2	1	1/4		1/4	1		2	62	D4	4	602
45	45	178	178	0.5	1/2	1/2	4/4	1	1	1/8		1/8	1	-1	8	68	G#4	4	595
45	45	357/2	357/2	1.0	5/8	5/8	4/4	1	1	1/4		1/4	1		3	69	A4	4	596
45	45	179	179	1.0	3/4	3/4	4/4	2	1	1/4		1/4	1		7	61	C#4	4	603
45	45	359/2	359/2	0.5	7/8	7/8	4/4	1	1	1/8		1/8	1		4	64	E4	4	597
46	46	180	180	2.0	0	0	4/4	2	2	1/2		1/2	1		-2	58	Bb3	3	618
46	46	180	180	2.0	0	0	4/4	2	2	1/2		1/2	1		0	60	C4	4	618
46	46	541/3	541/3	0.3333333333333333	1/12	1/12	4/4	1	1	1/12		1/8	2/3		0	72	C5	5	606
46	46	542/3	542/3	0.3333333333333333	1/6	1/6	4/4	1	1	1/12		1/8	2/3		2	74	D5	5	607
46	46	181	181	1.0	1/4	1/4	4/4	2	1	1/4		1/4	1	1	1	67	G4	4	612
46	46	181	181	0.3333333333333333	1/4	1/4	4/4	1	1	1/12		1/8	2/3		4	76	E5	5	608
46	46	544/3	544/3	0.3333333333333333	1/3	1/3	4/4	1	1	1/12		1/8	2/3		-1	77	F5	5	609
46	46	545/3	545/3	0.3333333333333333	5/12	5/12	4/4	1	1	1/12		1/8	2/3		1	79	G5	5	610
46	46	182	182	2.0	1/2	1/2	4/4	2	2	1/2		1/2	1		3	57	A3	3	619
46	46	182	182	2.0	1/2	1/2	4/4	2	2	1/2		1/2	1		0	60	C4	4	619
46	46	182	182	0.3333333333333333	1/2	1/2	4/4	2	1	1/12		1/8	2/3	-1	1	67	G4	4	613
46	46	182	182	2.0	1/2	1/2	4/4	1	1	1/2		1/2	1		0	72	C5	5	611
46	46	547/3	547/3	0.3333333333333333	7/12	7/12	4/4	2	1	1/12		1/8	2/3		-1	65	F4	4	614
46	46	548/3	548/3	0.3333333333333333	2/3	2/3	4/4	2	1	1/12		1/8	2/3		4	64	E4	4	615
46	46	183	183	0.6666666666666666	3/4	3/4	4/4	2	1	1/6		1/4	2/3		1	67	G4	4	616
46	46	551/3	551/3	0.3333333333333333	11/12	11/12	4/4	2	1	1/12		1/8	2/3		-1	65	F4	4	617
47	47	184	184	2.0	0	0	4/4	2	2	1/2		1/2	1		1	55	G3	3	633
47	47	184	184	2.0	0	0	4/4	2	2	1/2		1/2	1		3	57	A3	3	633
47	47	184	184	1.0	0	0	4/4	2	1	1/4		1/4	1		-1	65	F4	4	626
47	47	553/3	553/3	0.3333333333333333	1/12	1/12	4/4	1	1	1/12		1/8	2/3		3	69	A4	4	620
47	47	554/3	554/3	0.3333333333333333	1/6	1/6	4/4	1	1	1/12		1/8	2/3		5	71	B4	4	621
47	47	185	185	1.0	1/4	1/4	4/4	2	1	1/4		1/4	1	1	4	64	E4	4	627
47	47	185	185	0.3333333333333333	1/4	1/4	4/4	1	1	1/12		1/8	2/3		7	73	C#5	5	622
47	47	556/3	556/3	0.3333333333333333	1/3	1/3	4/4	1	1	1/12		1/8	2/3		2	74	D5	5	623
47	47	557/3	557/3	0.3333333333333333	5/12	5/12	4/4	1	1	1/12		1/8	2/3		4	76	E5	5	624
47	47	186	186	2.0	1/2	1/2	4/4	2	2	1/2		1/2	1		-1	53	F3	3	634
47	47	186	186	2.0	1/2	1/2	4/4	2	2	1/2		1/2	1		3	57	A3	3	634
47	47	186	186	0.3333333333333333	1/2	1/2	4/4	2	1	1/12		1/8	2/3	-1	4	64	E4	4	628
47	47	186	186	2.0	1/2	1/2	4/4	1	1	1/2		1/2	1		3	69	A4	4	625
47	47	559/3	559/3	0.3333333333333333	7/12	7/12	4/4	2	1	1/12		1/8	2/3		2	62	D4	4	629
47	47	560/3	560/3	0.3333333333333333	2/3	2/3	4/4	2	1	1/12		1/8	2/3		7	61	C#4	4	630
47	47	187	187	0.6666666666666666	3/4	3/4	4/4	2	1	1/6		1/4	2/3		4	64	E4	4	631
47	47	563/3	563/3	0.3333333333333333	11/12	11/12	4/4	2	1	1/12		1/8	2/3		2	62	D4	4	632
48	48	188	188	0.0	0	0	4/4	2	2	0	acciaccatura	1/8	1		1	43	G2	2	649
48	48	188	188	2.0	0	0	4/4	2	2	1/2		1/2	1		2	50	D3	3	650
48	48	188	188	2.0	0	0	4/4	2	2	1/2		1/2	1		1	55	G3	3	650
48	48	188	188	1.0	0	0	4/4	2	1	1/4		1/4	1		0	60	C4	4	646
48	48	565/3	565/3	0.3333333333333333	1/12	1/12	4/4	1	1	1/12		1/8	2/3		4	64	E4	4	635
48	48	566/3	566/3	0.3333333333333333	1/6	1/6	4/4	1	1	1/12		1/8	2/3		-1	65	F4	4	636
48	48	189	189	1.0	1/4	1/4	4/4	2	1	1/4		1/4	1		-2	58	Bb3	3	647
48	48	189	189	0.3333333333333333	1/4	1/4	4/4	1	1	1/12		1/8	2/3		1	67	G4	4	637
48	48	568/3	568/3	0.3333333333333333	1/3	1/3	4/4	1	1	1/12		1/8	2/3		3	69	A4	4	638
48	48	569/3	569/3	0.3333333333333333	5/12	5/12	4/4	1	1	1/12		1/8	2/3	1	-2	70	Bb4	4	639
48	48	190	190	1.0	1/2	1/2	4/4	2	2	1/4		1/4	1		3	45	A2	2	651
48	48	190	190	0.3333333333333333	1/2	1/2	4/4	1	1	1/12		1/8	2/3	-1	-2	70	Bb4	4	640
48	48	571/3	571/3	0.3333333333333333	7/12	7/12	4/4	1	1	1/12		1/8	2/3		-2	70	Bb4	4	641
48	48	572/3	572/3	0.3333333333333333	2/3	2/3	4/4	1	1	1/12		1/8	2/3	1	3	69	A4	4	642
48	48	191	191	1.0	3/4	3/4	4/4	2	1	1/4		1/4	1		-1	53	F3	3	648
48	48	191	191	1.0	3/4	3/4	4/4	2	1	1/4		1/4	1		3	57	A3	3	648
48	48	191	191	1.0	3/4	3/4	4/4	2	1	1/4		1/4	1		2	62	D4	4	648
48	48	191	191	0.3333333333333333	3/4	3/4	4/4	1	1	1/12		1/8	2/3	-1	3	69	A4	4	643
48	48	574/3	574/3	0.3333333333333333	5/6	5/6	4/4	1	1	1/12		1/8	2/3		8	68	G#4	4	644
48	48	575/3	575/3	0.3333333333333333	11/12	11/12	4/4	1	1	1/12		1/8	2/3	1	1	67	G4	4	645
49	49	192	192	1.0	0	0	4/4	2	1	1/4		1/4	1		3	45	A2	2	663
49	49	192	192	0.3333333333333333	0	0	4/4	1	1	1/12		1/8	2/3	-1	1	67	G4	4	652
49	49	577/3	577/3	0.3333333333333333	1/12	1/12	4/4	1	1	1/12		1/8	2/3		6	66	F#4	4	653
49	49	578/3	578/3	0.3333333333333333	1/6	1/6	4/4	1	1	1/12		1/8	2/3	1	-1	65	F4	4	654
49	49	193	193	1.0	1/4	1/4	4/4	2	1	1/4		1/4	1		1	55	G3	3	664
49	49	193	193	1.0	1/4	1/4	4/4	2	1	1/4		1/4	1		3	57	A3	3	664
49	49	193	193	1.0	1/4	1/4	4/4	2	1	1/4		1/4	1		7	61	C#4	4	664
49	49	193	193	0.3333333333333333	1/4	1/4	4/4	1	1	1/12		1/8	2/3	-1	-1	65	F4	4	655
49	49	580/3	580/3	0.3333333333333333	1/3	1/3	4/4	1	1	1/12		1/8	2/3		9	63	D#4	4	656
49	49	581/3	581/3	0.3333333333333333	5/12	5/12	4/4	1	1	1/12		1/8	2/3	1	4	64	E4	4	657
49	49	194	194	2.0	1/2	1/2	4/4	2	1	1/2		1/2	1		2	38	D2	2	665
49	49	194	194	2.0	1/2	1/2	4/4	2	1	1/2		1/2	1		3	45	A2	2	665
49	49	194	194	2.0	1/2	1/2	4/4	1	2	1/2		1/2	1		-1	53	F3	3	662
49	49	194	194	2.0	1/2	1/2	4/4	1	2	1/2		1/2	1		3	57	A3	3	662
49	49	194	194	0.6666666666666666	1/2	1/2	4/4	1	1	1/6		1/4	2/3	-1	4	64	E4	4	658
49	49	584/3	584/3	0.3333333333333333	2/3	2/3	4/4	1	1	1/12		1/8	2/3		7	61	C#4	4	659
49	49	195	195	0.6666666666666666	3/4	3/4	4/4	1	1	1/6		1/4	2/3		7	61	C#4	4	660
49	49	587/3	587/3	0.3333333333333333	11/12	11/12	4/4	1	1	1/12		1/8	2/3		2	62	D4	4	661
50	50	196	196	2.0	0	0	4/4	2	1	1/2		1/2	1		2	50	D3	3	676
50	50	196	196	2.0	0	0	4/4	2	1	1/2		1/2	1		1	55	G3	3	676
50	50	196	196	2.0	0	0	4/4	2	1	1/2		1/2	1		-2	58	Bb3	3	676
50	50	196	196	2.0	0	0	4/4	2	1	1/2		1/2	1		2	62	D4	4	676
50	50	589/3	589/3	0.3333333333333333	1/12	1/12	4/4	1	1	1/12		1/8	2/3		4	64	E4	4	666
50	50	590/3	590/3	0.3333333333333333	1/6	1/6	4/4	1	1	1/12		1/8	2/3		9	63	D#4	4	667
50	50	197	197	0.3333333333333333	1/4	1/4	4/4	1	1	1/12		1/8	2/3		4	64	E4	4	668
50	50	592/3	592/3	0.3333333333333333	1/3	1/3	4/4	1	1	1/12		1/8	2/3		-1	65	F4	4	669
50	50	593/3	593/3	0.3333333333333333	5/12	5/12	4/4	1	1	1/12		1/8	2/3	1	4	64	E4	4	670
50	50	198	198	2.0	1/2	1/2	4/4	2	1	1/2		1/2	1		2	38	D2	2	677
50	50	198	198	2.0	1/2	1/2	4/4	2	1	1/2		1/2	1		3	45	A2	2	677
50	50	198	198	2.0	1/2	1/2	4/4	1	2	1/2		1/2	1		-1	53	F3	3	675
50	50	198	198	2.0	1/2	1/2	4/4	1	2	1/2		1/2	1		3	57	A3	3	675
50	50	198	198	0.6666666666666666	1/2	1/2	4/4	1	1	1/6		1/4	2/3	-1	4	64	E4	4	671
50	50	596/3	596/3	0.3333333333333333	2/3	2/3	4/4	1	1	1/12		1/8	2/3		7	61	C#4	4	672
50	50	199	199	0.6666666666666666	3/4	3/4	4/4	1	1	1/6		1/4	2/3		7	61	C#4	4	673
50	50	599/3	599/3	0.3333333333333333	11/12	11/12	4/4	1	1	1/12		1/8	2/3		2	62	D4	4	674
51	51	200	200	2.0	0	0	4/4	2	1	1/2		1/2	1		2	50	D3	3	686
51	51	200	200	2.0	0	0	4/4	2	1	1/2		1/2	1		1	55	G3	3	686
51	51	200	200	2.0	0	0	4/4	2	1	1/2		1/2	1		-2	58	Bb3	3	686
51	51	200	200	2.0	0	0	4/4	2	1	1/2		1/2	1		2	62	D4	4	686
51	51	601/3	601/3	0.3333333333333333	1/12	1/12	4/4	1	1	1/12		1/8	2/3		1	67	G4	4	678
51	51	602/3	602/3	0.3333333333333333	1/6	1/6	4/4	1	1	1/12		1/8	2/3		3	69	A4	4	679
51	51	201	201	1.0	1/4	1/4	4/4	1	1	1/4		1/4	1	1	-2	70	Bb4	4	680
51	51	202	202	2.0	1/2	1/2	4/4	2	1	1/2		1/2	1		2	38	D2	2	687
51	51	202	202	2.0	1/2	1/2	4/4	2	1	1/2		1/2	1		3	45	A2	2	687
51	51	202	202	2.0	1/2	1/2	4/4	1	2	1/2		1/2	1		3	57	A3	3	685
51	51	202	202	2.0	1/2	1/2	4/4	1	2	1/2		1/2	1		2	62	D4	4	685
51	51	202	202	0.3333333333333333	1/2	1/2	4/4	1	1	1/12		1/8	2/3	-1	-2	70	Bb4	4	681
51	51	607/3	607/3	0.3333333333333333	7/12	7/12	4/4	1	1	1/12		1/8	2/3		-1	65	F4	4	682
51	51	608/3	608/3	0.3333333333333333	2/3	2/3	4/4	1	1	1/12		1/8	2/3		1	67	G4	4	683
51	51	203	203	1.0	3/4	3/4	4/4	1	1	1/4		1/4	1		3	69	A4	4	684
52	52	204	204	2.0	0	0	4/4	2	1	1/2		1/2	1		2	50	D3	3	698
52	52	204	204	2.0	0	0	4/4	2	1	1/2		1/2	1		1	55	G3	3	698
52	52	204	204	2.0	0	0	4/4	2	1	1/2		1/2	1		-2	58	Bb3	3	698
52	52	204	204	2.0	0	0	4/4	2	1	1/2		1/2	1		2	62	D4	4	698
52	52	613/3	613/3	0.3333333333333333	1/12	1/12	4/4	1	1	1/12		1/8	2/3		4	64	E4	4	688
52	52	614/3	614/3	0.3333333333333333	1/6	1/6	4/4	1	1	1/12		1/8	2/3		9	63	D#4	4	689
52	52	205	205	0.3333333333333333	1/4	1/4	4/4	1	1	1/12		1/8	2/3		4	64	E4	4	690
52	52	616/3	616/3	0.3333333333333333	1/3	1/3	4/4	1	1	1/12		1/8	2/3		-1	65	F4	4	691
52	52	617/3	617/3	0.3333333333333333	5/12	5/12	4/4	1	1	1/12		1/8	2/3	1	4	64	E4	4	692
52	52	206	206	2.0	1/2	1/2	4/4	2	1	1/2		1/2	1		2	38	D2	2	699
52	52	206	206	2.0	1/2	1/2	4/4	2	1	1/2		1/2	1		3	45	A2	2	699
52	52	206	206	2.0	1/2	1/2	4/4	1	2	1/2		1/2	1		-1	53	F3	3	697
52	52	206	206	2.0	1/2	1/2	4/4	1	2	1/2		1/2	1		3	57	A3	3	697
52	52	206	206	0.6666666666666666	1/2	1/2	4/4	1	1	1/6		1/4	2/3	-1	4	64	E4	4	693
52	52	620/3	620/3	0.3333333333333333	2/3	2/3	4/4	1	1	1/12		1/8	2/3		7	61	C#4	4	694
52	52	207	207	0.6666666666666666	3/4	3/4	4/4	1	1	1/6		1/4	2/3		7	61	C#4	4	695
52	52	623/3	623/3	0.3333333333333333	11/12	11/12	4/4	1	1	1/12		1/8	2/3		2	62	D4	4	696
53	53	208	208	2.0	0	0	4/4	2	1	1/2		1/2	1		2	50	D3	3	707
53	53	208	208	2.0	0	0	4/4	2	1	1/2		1/2	1		4	52	E3	3	707
53	53	208	208	2.0	0	0	4/4	2	1	1/2		1/2	1		2	62	D4	4	707
53	53	625/3	625/3	0.3333333333333333	1/12	1/12	4/4	1	1	1/12		1/8	2/3		1	55	G3	3	700
53	53	626/3	626/3	0.3333333333333333	1/6	1/6	4/4	1	1	1/12		1/8	2/3		3	57	A3	3	701
53	53	209	209	1.0	1/4	1/4	4/4	1	1	1/4		1/4	1	1	-2	58	Bb3	3	702
53	53	210	210	2.0	1/2	1/2	4/4	2	1	1/2		1/2	1		2	38	D2	2	708
53	53	210	210	2.0	1/2	1/2	4/4	2	1	1/2		1/2	1		3	45	A2	2	708
53	53	210	210	0.3333333333333333	1/2	1/2	4/4	1	1	1/12		1/8	2/3	-1	-2	58	Bb3	3	703
53	53	631/3	631/3	0.3333333333333333	7/12	7/12	4/4	1	1	1/12		1/8	2/3		-1	53	F3	3	704
53	53	632/3	632/3	0.3333333333333333	2/3	2/3	4/4	1	1	1/12		1/8	2/3		1	55	G3	3	705
53	53	211	211	1.0	3/4	3/4	4/4	1	1	1/4		1/4	1		3	57	A3	3	706
54	54	212	212	2.0	0	0	4/4	2	1	1/2		1/2	1		2	50	D3	3	716
54	54	212	212	2.0	0	0	4/4	2	1	1/2		1/2	1		4	52	E3	3	716
54	54	212	212	2.0	0	0	4/4	2	1	1/2		1/2	1		2	62	D4	4	716
54	54	637/3	637/3	0.3333333333333333	1/12	1/12	4/4	1	1	1/12		1/8	2/3		1	55	G3	3	709
54	54	638/3	638/3	0.3333333333333333	1/6	1/6	4/4	1	1	1/12		1/8	2/3		3	57	A3	3	710
54	54	213	213	1.0	1/4	1/4	4/4	1	1	1/4		1/4	1	1	-2	58	Bb3	3	711
54	54	214	214	2.0	1/2	1/2	4/4	2	1	1/2		1/2	1		2	38	D2	2	717
54	54	214	214	2.0	1/2	1/2	4/4	2	1	1/2		1/2	1		3	45	A2	2	717
54	54	214	214	0.3333333333333333	1/2	1/2	4/4	1	1	1/12		1/8	2/3	-1	-2	58	Bb3	3	712
54	54	643/3	643/3	0.3333333333333333	7/12	7/12	4/4	1	1	1/12		1/8	2/3		-1	53	F3	3	713
54	54	644/3	644/3	0.3333333333333333	2/3	2/3	4/4	1	1	1/12		1/8	2/3		1	55	G3	3	714
54	54	215	215	1.0	3/4	3/4	4/4	1	1	1/4		1/4	1	1	3	57	A3	3	715
55	55	216	216	2.0	0	0	4/4	2	1	1/2		1/2	1	1	2	50	D3	3	726
55	55	216	216	2.0	0	0	4/4	2	1	1/2		1/2	1	1	-1	53	F3	3	726
55	55	216	216	0.6666666666666666	0	0	4/4	1	1	1/6		1/4	2/3	-1	3	57	A3	3	718
55	55	216	216	2.0	0	0	4/4	2	1	1/2		1/2	1	1	2	62	D4	4	726
55	55	650/3	650/3	0.3333333333333333	1/6	1/6	4/4	1	1	1/12		1/8	2/3		-2	58	Bb3	3	719
55	55	217	217	0.6666666666666666	1/4	1/4	4/4	1	1	1/6		1/4	2/3		-2	58	Bb3	3	720
55	55	653/3	653/3	0.3333333333333333	5/12	5/12	4/4	1	1	1/12		1/8	2/3		3	57	A3	3	721
55	55	218	218	0.5	1/2	1/2	4/4	2	1	1/8		1/8	1	-1	2	50	D3	3	727
55	55	218	218	0.5	1/2	1/2	4/4	2	1	1/8		1/8	1	-1	-1	53	F3	3	727
55	55	218	218	0.6666666666666666	1/2	1/2	4/4	1	1	1/6		1/4	2/3		-2	58	Bb3	3	722
55	55	218	218	0.5	1/2	1/2	4/4	2	1	1/8		1/8	1	-1	2	62	D4	4	727
55	55	656/3	656/3	0.3333333333333333	2/3	2/3	4/4	1	1	1/12		1/8	2/3		3	57	A3	3	723
55	55	219	219	0.6666666666666666	3/4	3/4	4/4	1	1	1/6		1/4	2/3		-2	58	Bb3	3	724
55	55	659/3	659/3	0.3333333333333333	11/12	11/12	4/4	1	1	1/12		1/8	2/3		3	57	A3	3	725
56	56	220	220	1.0	0	0	4/4	1	1	1/4		1/4	1	1	0	60	C4	4	728
56	56	221	221	0.6666666666666666	1/4	1/4	4/4	1	1	1/6		1/4	2/3	-1	0	60	C4	4	729
56	56	665/3	665/3	0.3333333333333333	5/12	5/12	4/4	1	1	1/12		1/8	2/3		-2	58	Bb3	3	730
56	56	222	222	2.0	1/2	1/2	4/4	1	1	1/2		1/2	1		3	57	A3	3	731
