mc	mn	mc_onset	mn_onset	timesig	staff	voice	duration	gracenote	nominal_duration	scalar	tied	tpc	midi	volta	chord_id
1	1	0	0	4/4	2	1	1/2		1/2	1		2	50		4
1	1	0	0	4/4	2	1	1/2		1/2	1		3	57		4
1	1	0	0	4/4	2	1	1/2		1/2	1		2	62		4
1	1	0	0	4/4	1	2	1/2		1/2	1		-1	65		2
1	1	0	0	4/4	1	2	1/2		1/2	1		3	69		2
1	1	1/4	1/4	4/4	1	1	1/2		1/2	1		-1	77		0
1	1	1/2	1/2	4/4	2	1	1/2		1/2	1		2	50		5
1	1	1/2	1/2	4/4	2	1	1/2		1/2	1		3	57		5
1	1	1/2	1/2	4/4	2	1	1/2		1/2	1		7	61		5
1	1	1/2	1/2	4/4	1	2	1/2		1/2	1		1	67		3
1	1	1/2	1/2	4/4	1	2	1/2		1/2	1		3	69		3
1	1	3/4	3/4	4/4	1	1	1/4		1/4	1	1	4	76		1
2	2	0	0	4/4	2	1	1/4		1/4	1		2	50		14
2	2	0	0	4/4	2	1	1/4		1/4	1		3	57		14
2	2	0	0	4/4	2	1	1/4		1/4	1		2	62		14
2	2	0	0	4/4	1	2	1/4		1/4	1		-1	65		12
2	2	0	0	4/4	1	2	1/4		1/4	1		3	69		12
2	2	0	0	4/4	1	1	1/8		1/8	1	-1	4	76		6
2	2	1/8	1/8	4/4	1	1	1/8		1/8	1		2	74		7
2	2	1/4	1/4	4/4	1	1	1/8		1/8	1		8	68		8
2	2	3/8	3/8	4/4	1	1	1/8		1/8	1		3	69		9
2	2	1/2	1/2	4/4	2	2	1/4		1/4	1		-1	53		16
2	2	1/2	1/2	4/4	2	1	1/2		1/2	1		3	57		15
2	2	1/2	1/2	4/4	1	2	1/2		1/2	1	1	2	62		13
2	2	1/2	1/2	4/4	1	2	1/2		1/2	1		3	69		13
2	2	1/2	1/2	4/4	1	1	3/8		1/4	3/2		2	74		10
2	2	3/4	3/4	4/4	2	2	1/4		1/4	1		6	54		17
2	2	7/8	7/8	4/4	1	1	1/8		1/8	1		0	72		11
3	3	0	0	4/4	2	1	1/4		1/4	1		1	55		23
3	3	0	0	4/4	2	2	1/4		1/4	1		1	55		25
3	3	0	0	4/4	1	2	1/4		1/4	1	-1	2	62		21
3	3	0	0	4/4	1	2	1/4		1/4	1		1	67		21
3	3	0	0	4/4	1	1	1/4		1/4	1		-2	70		18
3	3	1/4	1/4	4/4	1	1	1/2		1/2	1		-2	70		19
3	3	1/2	1/2	4/4	2	2	1/2		1/2	1		3	45		26
3	3	1/2	1/2	4/4	2	1	1/2		1/2	1		2	50		24
3	3	1/2	1/2	4/4	1	2	1/2		1/2	1		0	60		22
3	3	1/2	1/2	4/4	1	2	1/2		1/2	1		2	62		22
3	3	3/4	3/4	4/4	1	1	1/4		1/4	1	1	6	66		20
4	4	0	0	4/4	2	2	1/2		1/2	1		-2	46		38
4	4	0	0	4/4	2	2	1/2		1/2	1		2	50		38
4	4	0	0	4/4	1	2	1/4		1/4	1		-2	58		33
4	4	0	0	4/4	1	2	1/4		1/4	1		2	62		33
4	4	0	0	4/4	1	1	1/8		1/8	1	-1	6	66		27
4	4	1/8	1/8	4/4	1	1	1/8		1/8	1		1	67		28
4	4	1/4	1/4	4/4	2	1	1/4		1/4	1		-2	58		36
4	4	1/4	1/4	4/4	1	2	1/4		1/4	1		4	64		34
4	4	1/4	1/4	4/4	1	2	1/4		1/4	1		1	67		34
4	4	1/4	1/4	4/4	1	1	1/8		1/8	1		4	76		29
4	4	3/8	3/8	4/4	1	1	1/8		1/8	1		2	74		30
4	4	1/2	1/2	4/4	2	2	1/2		1/2	1		3	45		39
4	4	1/2	1/2	4/4	2	2	1/2		1/2	1		4	52		39
4	4	1/2	1/2	4/4	2	1	1/2		1/2	1		3	57		37
4	4	1/2	1/2	4/4	1	2	1/2		1/2	1		4	64		35
4	4	1/2	1/2	4/4	1	2	1/2		1/2	1		1	67		35
4	4	1/2	1/2	4/4	1	1	1/4		1/4	1		2	74		31
4	4	3/4	3/4	4/4	1	1	1/4		1/4	1		7	73		32
5	5	0	0	4/4	2	2	1/2		1/2	1		1	55		48
5	5	1/12	1/12	4/4	1	1	1/12		1/8	2/3		3	69		40
5	5	1/6	1/6	4/4	1	1	1/12		1/8	2/3		5	71		41
5	5	1/4	1/4	4/4	2	1	1/4		1/4	1		3	57		46
5	5	1/4	1/4	4/4	2	1	1/4		1/4	1		7	61		46
5	5	1/4	1/4	4/4	2	1	1/4		1/4	1		4	64		46
5	5	1/4	1/4	4/4	1	1	1/12		1/8	2/3		7	73		42
5	5	1/3	1/3	4/4	1	1	1/12		1/8	2/3		2	74		43
5	5	5/12	5/12	4/4	1	1	1/12		1/8	2/3		4	76		44
5	5	1/2	1/2	4/4	2	2	1/2		1/2	1		-1	53		49
5	5	1/2	1/2	4/4	1	1	1/2		1/2	1	1	3	81		45
5	5	3/4	3/4	4/4	2	1	1/4		1/4	1		3	57		47
5	5	3/4	3/4	4/4	2	1	1/4		1/4	1		2	62		47
5	5	3/4	3/4	4/4	2	1	1/4		1/4	1		-1	65		47
6	6	0	0	4/4	2	2	1/2		1/2	1		4	52		60
6	6	0	0	4/4	1	1	1/12		1/8	2/3	-1	3	81		50
6	6	1/12	1/12	4/4	1	1	1/12		1/8	2/3		3	69		51
6	6	1/6	1/6	4/4	1	1	1/12		1/8	2/3		5	71		52
6	6	1/4	1/4	4/4	2	1	1/4		1/4	1		3	57		58
6	6	1/4	1/4	4/4	2	1	1/4		1/4	1		7	61		58
6	6	1/4	1/4	4/4	2	1	1/4		1/4	1		1	67		58
6	6	1/4	1/4	4/4	1	1	1/12		1/8	2/3		7	73		53
6	6	1/3	1/3	4/4	1	1	1/12		1/8	2/3		2	74		54
6	6	5/12	5/12	4/4	1	1	1/12		1/8	2/3		4	76		55
6	6	1/2	1/2	4/4	2	2	1/2		1/2	1		2	50		61
6	6	1/2	1/2	4/4	1	1	3/8		1/4	3/2		3	81		56
6	6	3/4	3/4	4/4	2	1	1/4		1/4	1		3	57		59
6	6	3/4	3/4	4/4	2	1	1/4		1/4	1		0	60		59
6	6	3/4	3/4	4/4	2	1	1/4		1/4	1		6	66		59
6	6	7/8	7/8	4/4	1	1	1/8		1/8	1		2	74		57
7	7	0	0	4/4	2	1	1/4		1/4	1		1	43		74
7	7	0	0	4/4	1	1	1/12		1/8	2/3		1	79		62
7	7	1/12	1/12	4/4	1	1	1/12		1/8	2/3		-1	77		63
7	7	1/6	1/6	4/4	1	1	1/12		1/8	2/3		4	76		64
7	7	1/4	1/4	4/4	1	1	0	grace16	1/16	2/3		2	74		65
7	7	1/4	1/4	4/4	1	1	0	grace16	1/16	2/3		4	76		66
7	7	1/4	1/4	4/4	2	1	1/4		1/4	1		1	55		75
7	7	1/4	1/4	4/4	2	1	1/4		1/4	1		-2	58		75
7	7	1/4	1/4	4/4	2	1	1/4		1/4	1		2	62		75
7	7	1/4	1/4	4/4	2	1	1/4		1/4	1		1	67		75
7	7	1/4	1/4	4/4	1	1	1/12		1/8	2/3		2	74		67
7	7	1/3	1/3	4/4	1	1	1/12		1/8	2/3		7	73		68
7	7	5/12	5/12	4/4	1	1	1/12		1/8	2/3		2	74		69
7	7	1/2	1/2	4/4	2	1	1/4		1/4	1		8	44		76
7	7	1/2	1/2	4/4	1	1	1/4		1/4	1	1	-1	77		70
7	7	3/4	3/4	4/4	2	1	1/4		1/4	1		8	56		77
7	7	3/4	3/4	4/4	2	1	1/4		1/4	1		5	59		77
7	7	3/4	3/4	4/4	2	1	1/4		1/4	1		2	62		77
7	7	3/4	3/4	4/4	2	1	1/4		1/4	1		-1	65		77
7	7	3/4	3/4	4/4	1	1	1/12		1/8	2/3	-1	-1	77		71
7	7	5/6	5/6	4/4	1	1	1/12		1/8	2/3		4	76		72
7	7	11/12	11/12	4/4	1	1	1/12		1/8	2/3	1	2	74		73
8	8	0	0	4/4	2	1	1/4		1/4	1		3	45		91
8	8	0	0	4/4	1	1	1/12		1/8	2/3	-1	2	74		78
8	8	1/12	1/12	4/4	1	1	1/12		1/8	2/3		7	73		79
8	8	1/6	1/6	4/4	1	1	1/12		1/8	2/3	1	0	72		80
8	8	1/4	1/4	4/4	2	1	1/4		1/4	1		3	57		92
8	8	1/4	1/4	4/4	2	1	1/4		1/4	1		2	62		92
8	8	1/4	1/4	4/4	2	1	1/4		1/4	1		-1	65		92
8	8	1/4	1/4	4/4	1	1	1/12		1/8	2/3	-1	0	72		81
8	8	1/3	1/3	4/4	1	1	1/12		1/8	2/3		5	71		82
8	8	5/12	5/12	4/4	1	1	1/12		1/8	2/3	1	-2	70		83
8	8	1/2	1/2	4/4	2	1	1/4		1/4	1		3	45		93
8	8	1/2	1/2	4/4	1	1	1/12		1/8	2/3	-1	-2	70		84
8	8	7/12	7/12	4/4	1	1	1/12		1/8	2/3		3	69		85
8	8	2/3	2/3	4/4	1	1	1/12		1/8	2/3	1	-1	65		86
8	8	3/4	3/4	4/4	2	1	1/4		1/4	1		1	55		94
8	8	3/4	3/4	4/4	2	1	1/4		1/4	1		3	57		94
8	8	3/4	3/4	4/4	2	1	1/4		1/4	1		7	61		94
8	8	3/4	3/4	4/4	1	1	1/6		1/4	2/3	-1	-1	65		87
8	8	11/12	11/12	4/4	1	1	0	grace16	1/16	2/3		4	64		88
8	8	11/12	11/12	4/4	1	1	0	grace16	1/16	2/3		-1	65		89
8	8	11/12	11/12	4/4	1	1	1/12		1/8	2/3		4	64		90
9	9	0	0	4/4	2	2	1/2		1/2	1		2	50		102
9	9	0	0	4/4	2	2	1/2		1/2	1		-1	53		102
9	9	0	0	4/4	2	2	1/2		1/2	1		3	57		102
9	9	0	0	4/4	1	1	1/8		1/8	1		2	62		95
9	9	1/4	1/4	4/4	2	1	1/2		1/2	1		-1	65		100
9	9	3/8	3/8	4/4	1	1	1/8		1/8	1	1	3	69		96
9	9	1/2	1/2	4/4	2	2	1/2		1/2	1		1	55		103
9	9	1/2	1/2	4/4	2	2	1/2		1/2	1		3	57		103
9	9	1/2	1/2	4/4	1	1	1/8		1/8	1	-1	3	69		97
9	9	5/8	5/8	4/4	1	1	1/4		1/4	1		5	71		98
9	9	3/4	3/4	4/4	2	1	1/4		1/4	1	1	4	64		101
9	9	7/8	7/8	4/4	1	1	1/8		1/8	1	1	7	73		99
10	10	0	0	4/4	2	2	1/4		1/4	1		-1	53		117
10	10	0	0	4/4	2	2	1/4		1/4	1		3	57		117
10	10	0	0	4/4	2	1	1/8		1/8	1	-1	4	64		111
10	10	0	0	4/4	1	1	1/8		1/8	1	-1	7	73		104
10	10	1/8	1/8	4/4	2	1	1/8		1/8	1		2	62		112
10	10	1/8	1/8	4/4	1	1	1/4		1/4	1		2	74		105
10	10	1/4	1/4	4/4	2	1	1/8		1/8	1		8	56		113
10	10	3/8	3/8	4/4	2	1	1/8		1/8	1		3	57		114
10	10	3/8	3/8	4/4	1	1	1/8		1/8	1	1	7	73		106
10	10	1/2	1/2	4/4	2	2	1/2		1/2	1		6	54		118
10	10	1/2	1/2	4/4	2	2	1/2		1/2	1		3	57		118
10	10	1/2	1/2	4/4	2	1	3/8		1/4	3/2		2	62		115
10	10	1/2	1/2	4/4	1	1	1/8		1/8	1	-1	7	73		107
10	10	5/8	5/8	4/4	1	1	1/8		1/8	1		0	72		108
10	10	3/4	3/4	4/4	1	1	1/8		1/8	1		-2	70		109
10	10	7/8	7/8	4/4	2	1	1/8		1/8	1		0	60		116
10	10	7/8	7/8	4/4	1	1	1/8		1/8	1		3	69		110
11	11	0	0	4/4	2	2	1/4		1/4	1		1	43		127
11	11	0	0	4/4	2	2	1/4		1/4	1		2	50		127
11	11	0	0	4/4	2	1	1/8		1/8	1		-2	58		124
11	11	0	0	4/4	1	1	1/8		1/8	1		1	67		119
11	11	1/8	1/8	4/4	1	1	1/4		1/4	1		2	62		120
11	11	1/4	1/4	4/4	2	1	1/2		1/2	1		-2	58		125
11	11	3/8	3/8	4/4	1	1	1/4		1/4	1		2	74		121
11	11	1/2	1/2	4/4	2	2	1/2		1/2	1		0	48		128
11	11	1/2	1/2	4/4	2	2	1/2		1/2	1		2	50		128
11	11	5/8	5/8	4/4	1	1	1/4		1/4	1		-2	70		122
11	11	3/4	3/4	4/4	2	1	1/4		1/4	1	1	6	54		126
11	11	7/8	7/8	4/4	1	1	1/8		1/8	1	1	3	69		123
12	12	0	0	4/4	2	2	1/8		1/8	1		-2	46		143
12	12	0	0	4/4	2	2	1/8		1/8	1		2	50		143
12	12	0	0	4/4	2	1	1/8		1/8	1	-1	6	54		137
12	12	0	0	4/4	1	1	1/8		1/8	1	-1	3	69		129
12	12	1/8	1/8	4/4	2	1	1/8		1/8	1		1	55		138
12	12	1/8	1/8	4/4	1	1	1/8		1/8	1	1	1	67		130
12	12	1/4	1/4	4/4	2	1	1/8		1/8	1		4	64		139
12	12	1/4	1/4	4/4	1	1	1/8		1/8	1	-1	1	67		131
12	12	3/8	3/8	4/4	2	1	1/8		1/8	1		2	62		140
12	12	3/8	3/8	4/4	1	1	1/8		1/8	1	1	8	68		132
12	12	1/2	1/2	4/4	2	2	1/4		1/4	1		3	45		144
12	12	1/2	1/2	4/4	2	2	1/4		1/4	1		4	52		144
12	12	1/2	1/2	4/4	2	1	1/4		1/4	1		2	62		141
12	12	1/2	1/2	4/4	1	1	1/8		1/8	1	-1	8	68		133
12	12	5/8	5/8	4/4	1	1	1/8		1/8	1	1	3	69		134
12	12	3/4	3/4	4/4	2	1	1/4		1/4	1		7	61		142
12	12	3/4	3/4	4/4	1	1	1/8		1/8	1	-1	3	69		135
12	12	7/8	7/8	4/4	1	1	1/8		1/8	1		4	64		136
13	13	0	0	4/4	2	2	1/2		1/2	1		-2	58		157
13	13	0	0	4/4	2	2	1/2		1/2	1		0	60		157
13	13	1/12	1/12	4/4	1	1	1/12		1/8	2/3		0	72		145
13	13	1/6	1/6	4/4	1	1	1/12		1/8	2/3		2	74		146
13	13	1/4	1/4	4/4	2	1	1/4		1/4	1	1	1	67		151
13	13	1/4	1/4	4/4	1	1	1/12		1/8	2/3		4	76		147
13	13	1/3	1/3	4/4	1	1	1/12		1/8	2/3		-1	77		148
13	13	5/12	5/12	4/4	1	1	1/12		1/8	2/3		1	79		149
13	13	1/2	1/2	4/4	2	2	1/2		1/2	1		3	57		158
13	13	1/2	1/2	4/4	2	2	1/2		1/2	1		0	60		158
13	13	1/2	1/2	4/4	2	1	1/12		1/8	2/3	-1	1	67		152
13	13	1/2	1/2	4/4	1	1	1/2		1/2	1		0	72		150
13	13	7/12	7/12	4/4	2	1	1/12		1/8	2/3		-1	65		153
13	13	2/3	2/3	4/4	2	1	1/12		1/8	2/3		4	64		154
13	13	3/4	3/4	4/4	2	1	1/6		1/4	2/3		1	67		155
13	13	11/12	11/12	4/4	2	1	1/12		1/8	2/3		-1	65		156
14	14	0	0	4/4	2	2	1/2		1/2	1		1	55		172
14	14	0	0	4/4	2	2	1/2		1/2	1		3	57		172
14	14	0	0	4/4	2	1	1/4		1/4	1		-1	65		165
14	14	1/12	1/12	4/4	1	1	1/12		1/8	2/3		3	69		159
14	14	1/6	1/6	4/4	1	1	1/12		1/8	2/3		5	71		160
14	14	1/4	1/4	4/4	2	1	1/4		1/4	1	1	4	64		166
14	14	1/4	1/4	4/4	1	1	1/12		1/8	2/3		7	73		161
14	14	1/3	1/3	4/4	1	1	1/12		1/8	2/3		2	74		162
14	14	5/12	5/12	4/4	1	1	1/12		1/8	2/3		4	76		163
14	14	1/2	1/2	4/4	2	2	1/2		1/2	1		-1	53		173
14	14	1/2	1/2	4/4	2	2	1/2		1/2	1		3	57		173
14	14	1/2	1/2	4/4	2	1	1/12		1/8	2/3	-1	4	64		167
14	14	1/2	1/2	4/4	1	1	1/2		1/2	1		3	69		164
14	14	7/12	7/12	4/4	2	1	1/12		1/8	2/3		2	62		168
14	14	2/3	2/3	4/4	2	1	1/12		1/8	2/3		7	61		169
14	14	3/4	3/4	4/4	2	1	1/6		1/4	2/3		4	64		170
14	14	11/12	11/12	4/4	2	1	1/12		1/8	2/3		2	62		171
15	15	0	0	4/4	2	2	0	acciaccatura	1/8	1		1	43		188
15	15	0	0	4/4	2	2	1/2		1/2	1		2	50		189
15	15	0	0	4/4	2	2	1/2		1/2	1		1	55		189
15	15	0	0	4/4	2	1	1/4		1/4	1		0	60		185
15	15	1/12	1/12	4/4	1	1	1/12		1/8	2/3		4	64		174
15	15	1/6	1/6	4/4	1	1	1/12		1/8	2/3		-1	65		175
15	15	1/4	1/4	4/4	2	1	1/4		1/4	1		-2	58		186
15	15	1/4	1/4	4/4	1	1	1/12		1/8	2/3		1	67		176
15	15	1/3	1/3	4/4	1	1	1/12		1/8	2/3		3	69		177
15	15	5/12	5/12	4/4	1	1	1/12		1/8	2/3	1	-2	70		178
15	15	1/2	1/2	4/4	2	2	1/4		1/4	1		3	45		190
15	15	1/2	1/2	4/4	1	1	1/12		1/8	2/3	-1	-2	70		179
15	15	7/12	7/12	4/4	1	1	1/12		1/8	2/3		-2	70		180
15	15	2/3	2/3	4/4	1	1	1/12		1/8	2/3	1	3	69		181
15	15	3/4	3/4	4/4	2	1	1/4		1/4	1		-1	53		187
15	15	3/4	3/4	4/4	2	1	1/4		1/4	1		3	57		187
15	15	3/4	3/4	4/4	2	1	1/4		1/4	1		2	62		187
15	15	3/4	3/4	4/4	1	1	1/12		1/8	2/3	-1	3	69		182
15	15	5/6	5/6	4/4	1	1	1/12		1/8	2/3		8	68		183
15	15	11/12	11/12	4/4	1	1	1/12		1/8	2/3	1	1	67		184
16	16	0	0	4/4	2	1	1/4		1/4	1		3	45		202
16	16	0	0	4/4	1	1	1/12		1/8	2/3	-1	1	67		191
16	16	1/12	1/12	4/4	1	1	1/12		1/8	2/3		6	66		192
16	16	1/6	1/6	4/4	1	1	1/12		1/8	2/3	1	-1	65		193
16	16	1/4	1/4	4/4	2	1	1/4		1/4	1		1	55		203
16	16	1/4	1/4	4/4	2	1	1/4		1/4	1		3	57		203
16	16	1/4	1/4	4/4	2	1	1/4		1/4	1		7	61		203
16	16	1/4	1/4	4/4	1	1	1/12		1/8	2/3	-1	-1	65		194
16	16	1/3	1/3	4/4	1	1	1/12		1/8	2/3		9	63		195
16	16	5/12	5/12	4/4	1	1	1/12		1/8	2/3	1	4	64		196
16	16	1/2	1/2	4/4	2	1	1/2		1/2	1		2	38		204
16	16	1/2	1/2	4/4	2	1	1/2		1/2	1		3	45		204
16	16	1/2	1/2	4/4	1	2	1/2		1/2	1		-1	53		201
16	16	1/2	1/2	4/4	1	2	1/2		1/2	1		3	57		201
16	16	1/2	1/2	4/4	1	1	1/6		1/4	2/3	-1	4	64		197
16	16	2/3	2/3	4/4	1	1	1/12		1/8	2/3		7	61		198
16	16	3/4	3/4	4/4	1	1	1/6		1/4	2/3		7	61		199
16	16	11/12	11/12	4/4	1	1	1/12		1/8	2/3		2	62		200
17	17	0	0	4/4	2	1	1/4		1/4	1		-2	46		214
17	17	1/12	1/12	4/4	1	1	1/12		1/8	2/3		1	67		205
17	17	1/6	1/6	4/4	1	1	1/12		1/8	2/3		3	69		206
17	17	1/4	1/4	4/4	2	1	1/4		1/4	1		1	55		215
17	17	1/4	1/4	4/4	2	1	1/4		1/4	1		0	60		215
17	17	1/4	1/4	4/4	2	1	1/4		1/4	1		4	64		215
17	17	1/4	1/4	4/4	1	1	1/12		1/8	2/3		-2	70		207
17	17	1/3	1/3	4/4	1	1	1/12		1/8	2/3		5	71		208
17	17	5/12	5/12	4/4	1	1	1/12		1/8	2/3		0	72		209
17	17	1/2	1/2	4/4	2	1	1/4		1/4	1		3	45		216
17	17	1/2	1/2	4/4	1	1	1/6		1/4	2/3		-1	77		210
17	17	2/3	2/3	4/4	1	1	1/12		1/8	2/3		4	76		211
17	17	3/4	3/4	4/4	2	1	1/4		1/4	1		3	57		217
17	17	3/4	3/4	4/4	2	1	1/4		1/4	1		0	60		217
17	17	3/4	3/4	4/4	2	1	1/4		1/4	1		-1	65		217
17	17	3/4	3/4	4/4	1	1	1/6		1/4	2/3		4	76		212
17	17	11/12	11/12	4/4	1	1	1/12		1/8	2/3		2	74		213
18	18	0	0	4/4	2	1	1/4		1/4	1		1	43		232
18	18	0	0	4/4	1	1	1/4		1/4	1		2	74		218
18	18	1/12	1/12	4/4	1	2	1/12		1/8	2/3		4	64		225
18	18	1/6	1/6	4/4	1	2	1/12		1/8	2/3		-1	65		226
18	18	1/4	1/4	4/4	2	1	1/4		1/4	1		-2	58		233
18	18	1/4	1/4	4/4	2	1	1/4		1/4	1		0	60		233
18	18	1/4	1/4	4/4	2	1	1/4		1/4	1		4	64		233
18	18	1/4	1/4	4/4	1	2	1/12		1/8	2/3		6	66		227
18	18	1/4	1/4	4/4	1	1	1/4		1/4	1	1	0	72		219
18	18	1/3	1/3	4/4	1	2	1/12		1/8	2/3		1	67		228
18	18	5/12	5/12	4/4	1	2	1/12		1/8	2/3		8	68		229
18	18	1/2	1/2	4/4	2	1	1/4		1/4	1		-1	41		234
18	18	1/2	1/2	4/4	1	2	1/4		1/4	1		-2	70		230
18	18	1/2	1/2	4/4	1	1	1/12		1/8	2/3	-1	0	72		220
18	18	7/12	7/12	4/4	1	1	1/12		1/8	2/3		0	72		221
18	18	2/3	2/3	4/4	1	1	1/12		1/8	2/3		5	71		222
18	18	3/4	3/4	4/4	2	1	1/4		1/4	1		3	57		235
18	18	3/4	3/4	4/4	2	1	1/4		1/4	1		0	60		235
18	18	3/4	3/4	4/4	2	1	1/4		1/4	1		-1	65		235
18	18	3/4	3/4	4/4	1	2	1/4		1/4	1		3	69		231
18	18	3/4	3/4	4/4	1	1	1/6		1/4	2/3		2	74		223
18	18	11/12	11/12	4/4	1	1	1/12		1/8	2/3		0	72		224
19	19	0	0	4/4	2	1	1/4		1/4	1		-2	46		245
19	19	1/12	1/12	4/4	1	1	1/12		1/8	2/3		1	67		236
19	19	1/6	1/6	4/4	1	1	1/12		1/8	2/3		3	69		237
19	19	1/4	1/4	4/4	2	1	1/4		1/4	1		1	55		246
19	19	1/4	1/4	4/4	2	1	1/4		1/4	1		0	60		246
19	19	1/4	1/4	4/4	2	1	1/4		1/4	1		4	64		246
19	19	1/4	1/4	4/4	1	1	1/12		1/8	2/3		-2	70		238
19	19	1/3	1/3	4/4	1	1	1/12		1/8	2/3		5	71		239
19	19	5/12	5/12	4/4	1	1	1/12		1/8	2/3		0	72		240
19	19	1/2	1/2	4/4	2	1	1/4		1/4	1		3	45		247
19	19	1/2	1/2	4/4	1	1	1/6		1/4	2/3		-1	77		241
19	19	2/3	2/3	4/4	1	1	1/12		1/8	2/3		4	76		242
19	19	3/4	3/4	4/4	2	1	1/4		1/4	1		3	57		248
19	19	3/4	3/4	4/4	2	1	1/4		1/4	1		0	60		248
19	19	3/4	3/4	4/4	2	1	1/4		1/4	1		-1	65		248
19	19	3/4	3/4	4/4	1	1	1/6		1/4	2/3		4	76		243
19	19	11/12	11/12	4/4	1	1	1/12		1/8	2/3		2	74		244
20	20	0	0	4/4	2	1	1/4		1/4	1		1	43		263
20	20	0	0	4/4	1	1	1/4		1/4	1		2	74		249
20	20	1/12	1/12	4/4	1	2	1/12		1/8	2/3		4	64		256
20	20	1/6	1/6	4/4	1	2	1/12		1/8	2/3		9	63		257
20	20	1/4	1/4	4/4	2	1	1/4		1/4	1		1	55		264
20	20	1/4	1/4	4/4	2	1	1/4		1/4	1		3	57		264
20	20	1/4	1/4	4/4	1	2	1/12		1/8	2/3		4	64		258
20	20	1/4	1/4	4/4	1	1	1/4		1/4	1	1	7	73		250
20	20	1/3	1/3	4/4	1	2	1/12		1/8	2/3		-1	65		259
20	20	5/12	5/12	4/4	1	2	1/12		1/8	2/3		4	64		260
20	20	1/2	1/2	4/4	2	1	1/4		1/4	1		-1	41		265
20	20	1/2	1/2	4/4	1	2	1/4		1/4	1		-2	70		261
20	20	1/2	1/2	4/4	1	1	1/12		1/8	2/3	-1	7	73		251
20	20	7/12	7/12	4/4	1	1	1/12		1/8	2/3		2	74		252
20	20	2/3	2/3	4/4	1	1	1/12		1/8	2/3		7	73		253
20	20	3/4	3/4	4/4	2	1	1/4		1/4	1		-1	53		266
20	20	3/4	3/4	4/4	2	1	1/4		1/4	1		3	57		266
20	20	3/4	3/4	4/4	2	1	1/4		1/4	1		2	62		266
20	20	3/4	3/4	4/4	1	2	1/4		1/4	1		3	69		262
20	20	3/4	3/4	4/4	1	1	1/6		1/4	2/3		4	76		254
20	20	11/12	11/12	4/4	1	1	1/12		1/8	2/3		2	74		255
21	21	0	0	4/4	2	1	1/4		1/4	1		7	37		281
21	21	0	0	4/4	1	1	1/4		1/4	1		-1	77		267
21	21	1/12	1/12	4/4	1	2	1/12		1/8	2/3		1	67		274
21	21	1/6	1/6	4/4	1	2	1/12		1/8	2/3		6	66		275
21	21	1/4	1/4	4/4	2	1	1/4		1/4	1		1	55		282
21	21	1/4	1/4	4/4	2	1	1/4		1/4	1		3	57		282
21	21	1/4	1/4	4/4	2	1	1/4		1/4	1		4	64		282
21	21	1/4	1/4	4/4	1	2	1/12		1/8	2/3		1	67		276
21	21	1/4	1/4	4/4	1	1	1/4		1/4	1	1	4	76		268
21	21	1/3	1/3	4/4	1	2	1/12		1/8	2/3		3	69		277
21	21	5/12	5/12	4/4	1	2	1/12		1/8	2/3		1	67		278
21	21	1/2	1/2	4/4	2	1	1/4		1/4	1		-2	46		283
21	21	1/2	1/2	4/4	1	2	1/4		1/4	1		2	74		279
21	21	1/2	1/2	4/4	1	1	1/12		1/8	2/3	-1	4	76		269
21	21	7/12	7/12	4/4	1	1	1/12		1/8	2/3		-1	77		270
21	21	2/3	2/3	4/4	1	1	1/12		1/8	2/3		4	76		271
21	21	3/4	3/4	4/4	2	1	1/4		1/4	1		3	45		284
21	21	3/4	3/4	4/4	2	1	1/4		1/4	1		4	52		284
21	21	3/4	3/4	4/4	2	1	1/4		1/4	1		3	57		284
21	21	3/4	3/4	4/4	2	1	1/4		1/4	1		4	64		284
21	21	3/4	3/4	4/4	1	2	1/4		1/4	1		1	67		280
21	21	3/4	3/4	4/4	1	2	1/4		1/4	1		7	73		280
21	21	3/4	3/4	4/4	1	1	1/6		1/4	2/3		-2	82		272
21	21	11/12	11/12	4/4	1	1	1/12		1/8	2/3		3	81		273
22	22	0	0	4/4	2	1	1/4		1/4	1		6	42		294
22	22	1/12	1/12	4/4	1	1	1/12		1/8	2/3		3	81		285
22	22	1/6	1/6	4/4	1	1	1/12		1/8	2/3		8	80		286
22	22	1/4	1/4	4/4	2	1	1/4		1/4	1		6	54		295
22	22	1/4	1/4	4/4	2	1	1/4		1/4	1		0	60		295
22	22	1/4	1/4	4/4	2	1	1/4		1/4	1		2	62		295
22	22	1/4	1/4	4/4	1	1	1/6		1/4	2/3		-2	82		287
22	22	5/12	5/12	4/4	1	1	1/12		1/8	2/3		3	81		288
22	22	1/2	1/2	4/4	2	2	1/4		1/4	1		1	43		300
22	22	1/2	1/2	4/4	1	1	1/12		1/8	2/3		3	81		289
22	22	7/12	7/12	4/4	1	1	1/12		1/8	2/3		1	79		290
22	22	2/3	2/3	4/4	2	1	1/12		1/8	2/3		2	62		296
22	22	2/3	2/3	4/4	1	1	1/12		1/8	2/3		6	78		291
22	22	3/4	3/4	4/4	2	2	1/4		1/4	1		1	55		301
22	22	3/4	3/4	4/4	2	2	1/4		1/4	1		-2	58		301
22	22	3/4	3/4	4/4	2	1	1/12		1/8	2/3		-1	65		297
22	22	3/4	3/4	4/4	1	1	1/6		1/4	2/3		3	81		292
22	22	5/6	5/6	4/4	2	1	1/12		1/8	2/3		4	64		298
22	22	11/12	11/12	4/4	2	1	1/12		1/8	2/3		2	62		299
22	22	11/12	11/12	4/4	1	1	1/12		1/8	2/3		1	79		293
23	23	0	0	4/4	2	2	0	acciaccatura	1/8	1		0	48		317
23	23	0	0	4/4	2	2	1/2		1/2	1		1	55		318
23	23	0	0	4/4	2	2	1/2		1/2	1		0	60		318
23	23	0	0	4/4	2	1	1/4		1/4	1		-1	65		311
23	23	1/12	1/12	4/4	1	1	1/12		1/8	2/3		1	79		302
23	23	1/6	1/6	4/4	1	1	1/12		1/8	2/3		6	78		303
23	23	1/4	1/4	4/4	2	1	1/4		1/4	1		4	64		312
23	23	1/4	1/4	4/4	1	1	1/6		1/4	2/3		3	81		304
23	23	5/12	5/12	4/4	1	1	1/12		1/8	2/3		1	79		305
23	23	1/2	1/2	4/4	2	2	1/4		1/4	1		-1	41		319
23	23	1/2	1/2	4/4	1	1	1/12		1/8	2/3		1	79		306
23	23	7/12	7/12	4/4	1	1	1/12		1/8	2/3		-1	77		307
23	23	2/3	2/3	4/4	2	1	1/12		1/8	2/3		0	60		313
23	23	2/3	2/3	4/4	1	1	1/12		1/8	2/3		4	76		308
23	23	3/4	3/4	4/4	2	2	1/4		1/4	1		-1	53		320
23	23	3/4	3/4	4/4	2	2	1/4		1/4	1		3	57		320
23	23	3/4	3/4	4/4	2	1	1/12		1/8	2/3		4	64		314
23	23	3/4	3/4	4/4	1	1	1/6		1/4	2/3		1	79		309
23	23	5/6	5/6	4/4	2	1	1/12		1/8	2/3		2	62		315
23	23	11/12	11/12	4/4	2	1	1/12		1/8	2/3		7	61		316
23	23	11/12	11/12	4/4	1	1	1/12		1/8	2/3		-1	77		310
24	24	0	0	4/4	2	2	0	acciaccatura	1/8	1		-2	46		334
24	24	0	0	4/4	2	2	1/2		1/2	1		-1	53		335
24	24	0	0	4/4	2	2	1/2		1/2	1		-2	58		335
24	24	0	0	4/4	2	1	1/4		1/4	1		4	64		331
24	24	1/12	1/12	4/4	1	1	1/12		1/8	2/3		-1	77		321
24	24	1/6	1/6	4/4	1	1	1/12		1/8	2/3		4	76		322
24	24	1/4	1/4	4/4	2	1	1/4		1/4	1		2	62		332
24	24	1/4	1/4	4/4	1	1	1/6		1/4	2/3		1	79		323
24	24	5/12	5/12	4/4	1	1	1/12		1/8	2/3		-1	77		324
24	24	1/2	1/2	4/4	2	2	1/4		1/4	1		1	43		336
24	24	1/2	1/2	4/4	1	1	1/12		1/8	2/3		-1	77		325
24	24	7/12	7/12	4/4	1	1	1/12		1/8	2/3		4	76		326
24	24	2/3	2/3	4/4	1	1	1/12		1/8	2/3		2	74		327
24	24	3/4	3/4	4/4	2	1	1/4		1/4	1		1	55		333
24	24	3/4	3/4	4/4	2	1	1/4		1/4	1		-2	58		333
24	24	3/4	3/4	4/4	2	1	1/4		1/4	1		2	62		333
24	24	3/4	3/4	4/4	1	1	1/12		1/8	2/3		-1	77		328
24	24	5/6	5/6	4/4	1	1	1/12		1/8	2/3		4	76		329
24	24	11/12	11/12	4/4	1	1	1/12		1/8	2/3		2	74		330
25	25	0	0	4/4	2	1	1/4		1/4	1		4	40		347
25	25	1/12	1/12	4/4	1	1	1/12		1/8	2/3		1	67		337
25	25	1/6	1/6	4/4	1	1	1/12		1/8	2/3		3	69		338
25	25	1/4	1/4	4/4	2	1	1/4		1/4	1		4	52		348
25	25	1/4	1/4	4/4	2	1	1/4		1/4	1		1	55		348
25	25	1/4	1/4	4/4	2	1	1/4		1/4	1		2	62		348
25	25	1/4	1/4	4/4	1	1	1/12		1/8	2/3		-2	70		339
25	25	1/3	1/3	4/4	1	1	1/12		1/8	2/3		-1	77		340
25	25	5/12	5/12	4/4	1	1	1/12		1/8	2/3		4	76		341
25	25	1/2	1/2	4/4	2	1	1/4		1/4	1		3	45		349
25	25	1/2	1/2	4/4	1	1	1/12		1/8	2/3		2	74		342
25	25	7/12	7/12	4/4	1	1	1/12		1/8	2/3		7	73		343
25	25	2/3	2/3	4/4	1	1	1/12		1/8	2/3		12	72		344
25	25	3/4	3/4	4/4	2	1	1/4		1/4	1		4	52		350
25	25	3/4	3/4	4/4	2	1	1/4		1/4	1		3	57		350
25	25	3/4	3/4	4/4	2	1	1/4		1/4	1		4	64		350
25	25	3/4	3/4	4/4	1	1	1/6		1/4	2/3		7	73		345
25	25	11/12	11/12	4/4	1	1	1/12		1/8	2/3		3	69		346
26	26	0	0	4/4	2	1	1/4		1/4	1		6	42		360
26	26	1/12	1/12	4/4	1	1	1/12		1/8	2/3		3	81		351
26	26	1/6	1/6	4/4	1	1	1/12		1/8	2/3		8	80		352
26	26	1/4	1/4	4/4	2	1	1/4		1/4	1		6	54		361
26	26	1/4	1/4	4/4	2	1	1/4		1/4	1		0	60		361
26	26	1/4	1/4	4/4	2	1	1/4		1/4	1		2	62		361
26	26	1/4	1/4	4/4	1	1	1/6		1/4	2/3		-2	82		353
26	26	5/12	5/12	4/4	1	1	1/12		1/8	2/3		3	81		354
26	26	1/2	1/2	4/4	2	2	1/4		1/4	1		1	43		366
26	26	1/2	1/2	4/4	1	1	1/12		1/8	2/3		3	81		355
26	26	7/12	7/12	4/4	1	1	1/12		1/8	2/3		1	79		356
26	26	2/3	2/3	4/4	2	1	1/12		1/8	2/3		2	62		362
26	26	2/3	2/3	4/4	1	1	1/12		1/8	2/3		6	78		357
26	26	3/4	3/4	4/4	2	2	1/4		1/4	1		1	55		367
26	26	3/4	3/4	4/4	2	2	1/4		1/4	1		-2	58		367
26	26	3/4	3/4	4/4	2	1	1/12		1/8	2/3		-1	65		363
26	26	3/4	3/4	4/4	1	1	1/6		1/4	2/3		3	81		358
26	26	5/6	5/6	4/4	2	1	1/12		1/8	2/3		4	64		364
26	26	11/12	11/12	4/4	2	1	1/12		1/8	2/3		2	62		365
26	26	11/12	11/12	4/4	1	1	1/12		1/8	2/3		1	79		359
27	27	0	0	4/4	2	2	0	acciaccatura	1/8	1		0	48		383
27	27	0	0	4/4	2	2	1/2		1/2	1		1	55		384
27	27	0	0	4/4	2	2	1/2		1/2	1		0	60		384
27	27	0	0	4/4	2	1	1/4		1/4	1		-1	65		377
27	27	1/12	1/12	4/4	1	1	1/12		1/8	2/3		1	79		368
27	27	1/6	1/6	4/4	1	1	1/12		1/8	2/3		6	78		369
27	27	1/4	1/4	4/4	2	1	1/4		1/4	1		4	64		378
27	27	1/4	1/4	4/4	1	1	1/6		1/4	2/3		3	81		370
27	27	5/12	5/12	4/4	1	1	1/12		1/8	2/3		1	79		371
27	27	1/2	1/2	4/4	2	2	1/4		1/4	1		-1	41		385
27	27	1/2	1/2	4/4	1	1	1/12		1/8	2/3		1	79		372
27	27	7/12	7/12	4/4	1	1	1/12		1/8	2/3		-1	77		373
27	27	2/3	2/3	4/4	2	1	1/12		1/8	2/3		0	60		379
27	27	2/3	2/3	4/4	1	1	1/12		1/8	2/3		4	76		374
27	27	3/4	3/4	4/4	2	2	1/4		1/4	1		-1	53		386
27	27	3/4	3/4	4/4	2	2	1/4		1/4	1		3	57		386
27	27	3/4	3/4	4/4	2	1	1/12		1/8	2/3		4	64		380
27	27	3/4	3/4	4/4	1	1	1/6		1/4	2/3		1	79		375
27	27	5/6	5/6	4/4	2	1	1/12		1/8	2/3		2	62		381
27	27	11/12	11/12	4/4	2	1	1/12		1/8	2/3		7	61		382
27	27	11/12	11/12	4/4	1	1	1/12		1/8	2/3		-1	77		376
28	28	0	0	4/4	2	2	0	acciaccatura	1/8	1		-2	46		400
28	28	0	0	4/4	2	2	1/2		1/2	1		-1	53		401
28	28	0	0	4/4	2	2	1/2		1/2	1		-2	58		401
28	28	0	0	4/4	2	1	1/4		1/4	1		4	64		397
28	28	1/12	1/12	4/4	1	1	1/12		1/8	2/3		-1	77		387
28	28	1/6	1/6	4/4	1	1	1/12		1/8	2/3		4	76		388
28	28	1/4	1/4	4/4	2	1	1/4		1/4	1		2	62		398
28	28	1/4	1/4	4/4	1	1	1/6		1/4	2/3		1	79		389
28	28	5/12	5/12	4/4	1	1	1/12		1/8	2/3		-1	77		390
28	28	1/2	1/2	4/4	2	2	1/4		1/4	1		1	43		402
28	28	1/2	1/2	4/4	1	1	1/12		1/8	2/3		-1	77		391
28	28	7/12	7/12	4/4	1	1	1/12		1/8	2/3		4	76		392
28	28	2/3	2/3	4/4	1	1	1/12		1/8	2/3		2	74		393
28	28	3/4	3/4	4/4	2	1	1/4		1/4	1		1	55		399
28	28	3/4	3/4	4/4	2	1	1/4		1/4	1		-2	58		399
28	28	3/4	3/4	4/4	2	1	1/4		1/4	1		2	62		399
28	28	3/4	3/4	4/4	1	1	1/12		1/8	2/3		-1	77		394
28	28	5/6	5/6	4/4	1	1	1/12		1/8	2/3		4	76		395
28	28	11/12	11/12	4/4	1	1	1/12		1/8	2/3		2	74		396
29	29	0	0	4/4	2	1	1/4		1/4	1		4	40		413
29	29	1/12	1/12	4/4	1	1	1/12		1/8	2/3		1	67		403
29	29	1/6	1/6	4/4	1	1	1/12		1/8	2/3		3	69		404
29	29	1/4	1/4	4/4	2	1	1/4		1/4	1		4	52		414
29	29	1/4	1/4	4/4	2	1	1/4		1/4	1		1	55		414
29	29	1/4	1/4	4/4	2	1	1/4		1/4	1		2	62		414
29	29	1/4	1/4	4/4	1	1	1/12		1/8	2/3		-2	70		405
29	29	1/3	1/3	4/4	1	1	1/12		1/8	2/3		-1	77		406
29	29	5/12	5/12	4/4	1	1	1/12		1/8	2/3		4	76		407
29	29	1/2	1/2	4/4	2	1	1/4		1/4	1		3	45		415
29	29	1/2	1/2	4/4	1	1	1/12		1/8	2/3		2	74		408
29	29	7/12	7/12	4/4	1	1	1/12		1/8	2/3		7	73		409
29	29	2/3	2/3	4/4	1	1	1/12		1/8	2/3		12	72		410
29	29	3/4	3/4	4/4	2	1	1/4		1/4	1		4	52		416
29	29	3/4	3/4	4/4	2	1	1/4		1/4	1		3	57		416
29	29	3/4	3/4	4/4	2	1	1/4		1/4	1		4	64		416
29	29	3/4	3/4	4/4	1	1	1/6		1/4	2/3		7	73		411
29	29	11/12	11/12	4/4	1	1	1/12		1/8	2/3		3	69		412
30	30	0	0	4/4	2	2	1/2		1/2	1		1	43		429
30	30	0	0	4/4	2	1	1/2		1/2	1	1	4	52		423
30	30	0	0	4/4	2	2	1/2		1/2	1		-2	58		429
30	30	0	0	4/4	1	2	1/2		1/2	1		2	62		422
30	30	1/12	1/12	4/4	1	1	1/12		1/8	2/3		1	67		417
30	30	1/6	1/6	4/4	1	1	1/12		1/8	2/3		6	66		418
30	30	1/4	1/4	4/4	1	1	1/6		1/4	2/3		3	69		419
30	30	5/12	5/12	4/4	1	1	1/12		1/8	2/3		1	67		420
30	30	1/2	1/2	4/4	2	2	1/8		1/8	1		3	45		430
30	30	1/2	1/2	4/4	2	1	1/12		1/8	2/3	-1	4	52		424
30	30	1/2	1/2	4/4	2	2	1/8		1/8	1		3	57		430
30	30	1/2	1/2	4/4	1	1	1/8		1/8	1		7	61		421
30	30	1/2	1/2	4/4	1	1	1/8		1/8	1		1	67		421
30	30	7/12	7/12	4/4	2	1	1/12		1/8	2/3		4	52		425
30	30	2/3	2/3	4/4	2	1	1/12		1/8	2/3		9	51		426
30	30	3/4	3/4	4/4	2	1	1/6		1/4	2/3		-1	53		427
30	30	11/12	11/12	4/4	2	1	1/12		1/8	2/3		4	52		428
31	31	0	0	4/4	2	2	1/2		1/2	1		1	43		443
31	31	0	0	4/4	2	1	1/2		1/2	1	1	4	52		437
31	31	0	0	4/4	2	2	1/2		1/2	1		-2	58		443
31	31	0	0	4/4	1	2	1/2		1/2	1		2	62		436
31	31	1/12	1/12	4/4	1	1	1/12		1/8	2/3		1	67		431
31	31	1/6	1/6	4/4	1	1	1/12		1/8	2/3		6	66		432
31	31	1/4	1/4	4/4	1	1	1/6		1/4	2/3		3	69		433
31	31	5/12	5/12	4/4	1	1	1/12		1/8	2/3		1	67		434
31	31	1/2	1/2	4/4	2	2	1/8		1/8	1		3	45		444
31	31	1/2	1/2	4/4	2	1	1/12		1/8	2/3	-1	4	52		438
31	31	1/2	1/2	4/4	2	2	1/8		1/8	1		3	57		444
31	31	1/2	1/2	4/4	1	1	1/8		1/8	1		7	61		435
31	31	1/2	1/2	4/4	1	1	1/8		1/8	1		1	67		435
31	31	7/12	7/12	4/4	2	1	1/12		1/8	2/3		4	52		439
31	31	2/3	2/3	4/4	2	1	1/12		1/8	2/3		9	51		440
31	31	3/4	3/4	4/4	2	1	1/6		1/4	2/3		-1	53		441
31	31	11/12	11/12	4/4	2	1	1/12		1/8	2/3		4	52		442
32	32	0	0	4/4	2	1	1/6		1/4	2/3		3	57		445
32	32	1/6	1/6	4/4	2	1	1/12		1/8	2/3		1	55		446
32	32	1/4	1/4	4/4	2	1	1/6		1/4	2/3		2	62		447
32	32	5/12	5/12	4/4	2	1	1/12		1/8	2/3		7	61		448
32	32	1/2	1/2	4/4	2	1	1/12		1/8	2/3		-1	65		449
32	32	7/12	7/12	4/4	2	1	1/12		1/8	2/3		4	64		450
32	32	2/3	2/3	4/4	2	1	1/12		1/8	2/3	1	2	62		451
32	32	3/4	3/4	4/4	2	1	1/12		1/8	2/3	-1	2	62		452
32	32	5/6	5/6	4/4	2	1	1/12		1/8	2/3		7	61		453
32	32	11/12	11/12	4/4	2	1	1/12		1/8	2/3	1	-2	58		454
33	33	0	0	4/4	2	1	1/6		1/4	2/3	-1	-2	58		455
33	33	1/6	1/6	4/4	2	1	1/12		1/8	2/3	1	3	57		456
33	33	1/4	1/4	4/4	2	1	1/6		1/4	2/3	-1	3	57		457
33	33	5/12	5/12	4/4	2	1	1/12		1/8	2/3	1	1	55		458
33	33	1/2	1/2	4/4	2	1	1/6		1/4	2/3	-1	1	55		459
33	33	2/3	2/3	4/4	2	1	1/12		1/8	2/3	1	-1	53		460
33	33	3/4	3/4	4/4	2	1	1/6		1/4	2/3	-1	-1	53		461
33	33	11/12	11/12	4/4	2	1	1/12		1/8	2/3		4	52		462
34	34	0	0	4/4	2	1	1/2		1/2	1		2	50		467
34	34	0	0	4/4	2	1	1/2		1/2	1		3	57		467
34	34	0	0	4/4	2	1	1/2		1/2	1		2	62		467
34	34	0	0	4/4	1	2	1/2		1/2	1		-1	65		465
34	34	0	0	4/4	1	2	1/2		1/2	1		3	69		465
34	34	1/4	1/4	4/4	1	1	1/2		1/2	1		-1	77		463
34	34	1/2	1/2	4/4	2	1	1/2		1/2	1		2	50		468
34	34	1/2	1/2	4/4	2	1	1/2		1/2	1		3	57		468
34	34	1/2	1/2	4/4	2	1	1/2		1/2	1		7	61		468
34	34	1/2	1/2	4/4	1	2	1/2		1/2	1		1	67		466
34	34	1/2	1/2	4/4	1	2	1/2		1/2	1		3	69		466
34	34	3/4	3/4	4/4	1	1	1/4		1/4	1	1	4	76		464
35	35	0	0	4/4	2	1	1/4		1/4	1		2	50		477
35	35	0	0	4/4	2	1	1/4		1/4	1		3	57		477
35	35	0	0	4/4	2	1	1/4		1/4	1		2	62		477
35	35	0	0	4/4	1	2	1/4		1/4	1		-1	65		475
35	35	0	0	4/4	1	2	1/4		1/4	1		3	69		475
35	35	0	0	4/4	1	1	1/8		1/8	1	-1	4	76		469
35	35	1/8	1/8	4/4	1	1	1/8		1/8	1		2	74		470
35	35	1/4	1/4	4/4	1	1	1/8		1/8	1		8	68		471
35	35	3/8	3/8	4/4	1	1	1/8		1/8	1		3	69		472
35	35	1/2	1/2	4/4	2	2	1/4		1/4	1		-1	53		479
35	35	1/2	1/2	4/4	2	1	1/2		1/2	1		3	57		478
35	35	1/2	1/2	4/4	1	2	1/2		1/2	1	1	2	62		476
35	35	1/2	1/2	4/4	1	2	1/2		1/2	1		3	69		476
35	35	1/2	1/2	4/4	1	1	3/8		1/4	3/2		2	74		473
35	35	3/4	3/4	4/4	2	2	1/4		1/4	1		6	54		480
35	35	7/8	7/8	4/4	1	1	1/8		1/8	1		0	72		474
36	36	0	0	4/4	2	1	1/4		1/4	1		1	55		486
36	36	0	0	4/4	2	2	1/4		1/4	1		1	55		488
36	36	0	0	4/4	1	2	1/4		1/4	1	-1	2	62		484
36	36	0	0	4/4	1	2	1/4		1/4	1		1	67		484
36	36	0	0	4/4	1	1	1/4		1/4	1		-2	70		481
36	36	1/4	1/4	4/4	1	1	1/2		1/2	1		-2	70		482
36	36	1/2	1/2	4/4	2	1	1/2		1/2	1		3	45		487
36	36	1/2	1/2	4/4	2	1	1/2		1/2	1		2	50		487
36	36	1/2	1/2	4/4	1	2	1/2		1/2	1		0	60		485
36	36	1/2	1/2	4/4	1	2	1/2		1/2	1		2	62		485
36	36	3/4	3/4	4/4	1	1	1/4		1/4	1	1	6	66		483
37	37	0	0	4/4	2	2	1/2		1/2	1		-2	46		500
37	37	0	0	4/4	2	2	1/2		1/2	1		2	50		500
37	37	0	0	4/4	1	2	1/4		1/4	1		-2	58		495
37	37	0	0	4/4	1	2	1/4		1/4	1		2	62		495
37	37	0	0	4/4	1	1	1/8		1/8	1	-1	6	66		489
37	37	1/8	1/8	4/4	1	1	1/8		1/8	1		1	67		490
37	37	1/4	1/4	4/4	2	1	1/4		1/4	1		-2	58		498
37	37	1/4	1/4	4/4	1	2	1/4		1/4	1		4	64		496
37	37	1/4	1/4	4/4	1	2	1/4		1/4	1		1	67		496
37	37	1/4	1/4	4/4	1	1	1/8		1/8	1		4	76		491
37	37	3/8	3/8	4/4	1	1	1/8		1/8	1		2	74		492
37	37	1/2	1/2	4/4	2	2	1/2		1/2	1		3	45		501
37	37	1/2	1/2	4/4	2	2	1/2		1/2	1		4	52		501
37	37	1/2	1/2	4/4	2	1	1/2		1/2	1		3	57		499
37	37	1/2	1/2	4/4	1	2	1/2		1/2	1		4	64		497
37	37	1/2	1/2	4/4	1	2	1/2		1/2	1		1	67		497
37	37	1/2	1/2	4/4	1	1	1/4		1/4	1		2	74		493
37	37	3/4	3/4	4/4	1	1	1/4		1/4	1		7	73		494
38	38	0	0	4/4	2	2	1/2		1/2	1		1	55		510
38	38	1/12	1/12	4/4	1	1	1/12		1/8	2/3		3	69		502
38	38	1/6	1/6	4/4	1	1	1/12		1/8	2/3		5	71		503
38	38	1/4	1/4	4/4	2	1	1/4		1/4	1		3	57		508
38	38	1/4	1/4	4/4	2	1	1/4		1/4	1		7	61		508
38	38	1/4	1/4	4/4	2	1	1/4		1/4	1		4	64		508
38	38	1/4	1/4	4/4	1	1	1/12		1/8	2/3		7	73		504
38	38	1/3	1/3	4/4	1	1	1/12		1/8	2/3		2	74		505
38	38	5/12	5/12	4/4	1	1	1/12		1/8	2/3		4	76		506
38	38	1/2	1/2	4/4	2	2	1/2		1/2	1		-1	53		511
38	38	1/2	1/2	4/4	1	1	1/2		1/2	1	1	3	81		507
38	38	3/4	3/4	4/4	2	1	1/4		1/4	1		3	57		509
38	38	3/4	3/4	4/4	2	1	1/4		1/4	1		2	62		509
38	38	3/4	3/4	4/4	2	1	1/4		1/4	1		-1	65		509
39	39	0	0	4/4	2	2	1/2		1/2	1		4	52		522
39	39	0	0	4/4	1	1	1/12		1/8	2/3	-1	3	81		512
39	39	1/12	1/12	4/4	1	1	1/12		1/8	2/3		3	69		513
39	39	1/6	1/6	4/4	1	1	1/12		1/8	2/3		5	71		514
39	39	1/4	1/4	4/4	2	1	1/4		1/4	1		3	57		520
39	39	1/4	1/4	4/4	2	1	1/4		1/4	1		7	61		520
39	39	1/4	1/4	4/4	2	1	1/4		1/4	1		1	67		520
39	39	1/4	1/4	4/4	1	1	1/12		1/8	2/3		7	73		515
39	39	1/3	1/3	4/4	1	1	1/12		1/8	2/3		2	74		516
39	39	5/12	5/12	4/4	1	1	1/12		1/8	2/3		4	76		517
39	39	1/2	1/2	4/4	2	2	1/2		1/2	1		2	50		523
39	39	1/2	1/2	4/4	1	1	3/8		1/4	3/2		3	81		518
39	39	3/4	3/4	4/4	2	1	1/4		1/4	1		3	57		521
39	39	3/4	3/4	4/4	2	1	1/4		1/4	1		0	60		521
39	39	3/4	3/4	4/4	2	1	1/4		1/4	1		6	66		521
39	39	7/8	7/8	4/4	1	1	1/8		1/8	1		2	74		519
40	40	0	0	4/4	2	1	1/4		1/4	1		1	43		536
40	40	0	0	4/4	1	1	1/12		1/8	2/3		1	79		524
40	40	1/12	1/12	4/4	1	1	1/12		1/8	2/3		-1	77		525
40	40	1/6	1/6	4/4	1	1	1/12		1/8	2/3		4	76		526
40	40	1/4	1/4	4/4	1	1	0	grace16	1/16	2/3		2	74		527
40	40	1/4	1/4	4/4	1	1	0	grace16	1/16	2/3		4	76		528
40	40	1/4	1/4	4/4	2	1	1/4		1/4	1		1	55		537
40	40	1/4	1/4	4/4	2	1	1/4		1/4	1		-2	58		537
40	40	1/4	1/4	4/4	2	1	1/4		1/4	1		2	62		537
40	40	1/4	1/4	4/4	2	1	1/4		1/4	1		1	67		537
40	40	1/4	1/4	4/4	1	1	1/12		1/8	2/3		2	74		529
40	40	1/3	1/3	4/4	1	1	1/12		1/8	2/3		7	73		530
40	40	5/12	5/12	4/4	1	1	1/12		1/8	2/3		2	74		531
40	40	1/2	1/2	4/4	2	1	1/4		1/4	1		8	44		538
40	40	1/2	1/2	4/4	1	1	1/4		1/4	1	1	-1	77		532
40	40	3/4	3/4	4/4	2	1	1/4		1/4	1		8	56		539
40	40	3/4	3/4	4/4	2	1	1/4		1/4	1		5	59		539
40	40	3/4	3/4	4/4	2	1	1/4		1/4	1		2	62		539
40	40	3/4	3/4	4/4	2	1	1/4		1/4	1		-1	65		539
40	40	3/4	3/4	4/4	1	1	1/12		1/8	2/3	-1	-1	77		533
40	40	5/6	5/6	4/4	1	1	1/12		1/8	2/3		4	76		534
40	40	11/12	11/12	4/4	1	1	1/12		1/8	2/3	1	2	74		535
41	41	0	0	4/4	2	1	1/4		1/4	1		3	45		553
41	41	0	0	4/4	1	1	1/12		1/8	2/3	-1	2	74		540
41	41	1/12	1/12	4/4	1	1	1/12		1/8	2/3		7	73		541
41	41	1/6	1/6	4/4	1	1	1/12		1/8	2/3	1	0	72		542
41	41	1/4	1/4	4/4	2	1	1/4		1/4	1		3	57		554
41	41	1/4	1/4	4/4	2	1	1/4		1/4	1		2	62		554
41	41	1/4	1/4	4/4	2	1	1/4		1/4	1		-1	65		554
41	41	1/4	1/4	4/4	1	1	1/12		1/8	2/3	-1	0	72		543
41	41	1/3	1/3	4/4	1	1	1/12		1/8	2/3		5	71		544
41	41	5/12	5/12	4/4	1	1	1/12		1/8	2/3	1	-2	70		545
41	41	1/2	1/2	4/4	2	1	1/4		1/4	1		3	45		555
41	41	1/2	1/2	4/4	1	1	1/12		1/8	2/3	-1	-2	70		546
41	41	7/12	7/12	4/4	1	1	1/12		1/8	2/3		3	69		547
41	41	2/3	2/3	4/4	1	1	1/12		1/8	2/3	1	-1	65		548
41	41	3/4	3/4	4/4	2	1	1/4		1/4	1		1	55		556
41	41	3/4	3/4	4/4	2	1	1/4		1/4	1		3	57		556
41	41	3/4	3/4	4/4	2	1	1/4		1/4	1		7	61		556
41	41	3/4	3/4	4/4	1	1	1/6		1/4	2/3	-1	-1	65		549
41	41	11/12	11/12	4/4	1	1	0	grace16	1/16	2/3		4	64		550
41	41	11/12	11/12	4/4	1	1	0	grace16	1/16	2/3		-1	65		551
41	41	11/12	11/12	4/4	1	1	1/12		1/8	2/3		4	64		552
42	42	0	0	4/4	2	2	1/2		1/2	1		2	50		564
42	42	0	0	4/4	2	2	1/2		1/2	1		-1	53		564
42	42	0	0	4/4	2	2	1/2		1/2	1		3	57		564
42	42	0	0	4/4	1	1	1/4		1/4	1		2	62		557
42	42	1/4	1/4	4/4	2	1	1/2		1/2	1		-1	65		562
42	42	3/8	3/8	4/4	1	1	1/8		1/8	1	1	3	69		558
42	42	1/2	1/2	4/4	2	2	1/2		1/2	1		1	55		565
42	42	1/2	1/2	4/4	2	2	1/2		1/2	1		3	57		565
42	42	1/2	1/2	4/4	1	1	1/8		1/8	1	-1	3	69		559
42	42	5/8	5/8	4/4	1	1	1/4		1/4	1		5	71		560
42	42	3/4	3/4	4/4	2	1	1/4		1/4	1	1	4	64		563
42	42	7/8	7/8	4/4	1	1	1/8		1/8	1	1	7	73		561
43	43	0	0	4/4	2	2	1/4		1/4	1		-1	53		579
43	43	0	0	4/4	2	2	1/4		1/4	1		3	57		579
43	43	0	0	4/4	2	1	1/8		1/8	1	-1	4	64		573
43	43	0	0	4/4	1	1	1/8		1/8	1	-1	7	73		566
43	43	1/8	1/8	4/4	2	1	1/8		1/8	1		2	62		574
43	43	1/8	1/8	4/4	1	1	1/4		1/4	1		2	74		567
43	43	1/4	1/4	4/4	2	1	1/8		1/8	1		8	56		575
43	43	3/8	3/8	4/4	2	1	1/8		1/8	1	1	3	57		576
43	43	3/8	3/8	4/4	1	1	1/8		1/8	1	1	7	73		568
43	43	1/2	1/2	4/4	2	2	1/2		1/2	1		6	54		580
43	43	1/2	1/2	4/4	2	2	1/2		1/2	1	-1	3	57		580
43	43	1/2	1/2	4/4	2	1	3/8		1/4	3/2		2	62		577
43	43	1/2	1/2	4/4	1	1	1/8		1/8	1	-1	7	73		569
43	43	5/8	5/8	4/4	1	1	1/8		1/8	1		0	72		570
43	43	3/4	3/4	4/4	1	1	1/8		1/8	1		-2	70		571
43	43	7/8	7/8	4/4	2	1	1/8		1/8	1		0	60		578
43	43	7/8	7/8	4/4	1	1	1/8		1/8	1		3	69		572
44	44	0	0	4/4	2	2	1/4		1/4	1		1	43		589
44	44	0	0	4/4	2	2	1/4		1/4	1		2	50		589
44	44	0	0	4/4	2	1	1/8		1/8	1		-2	58		586
44	44	0	0	4/4	1	1	1/8		1/8	1		1	67		581
44	44	1/8	1/8	4/4	1	1	1/4		1/4	1		2	62		582
44	44	1/4	1/4	4/4	2	1	1/2		1/2	1		-2	58		587
44	44	3/8	3/8	4/4	1	1	1/4		1/4	1		2	74		583
44	44	1/2	1/2	4/4	2	2	1/2		1/2	1		0	48		590
44	44	1/2	1/2	4/4	2	2	1/2		1/2	1		2	50		590
44	44	5/8	5/8	4/4	1	1	1/4		1/4	1		-2	70		584
44	44	3/4	3/4	4/4	2	1	1/4		1/4	1	1	6	54		588
44	44	7/8	7/8	4/4	1	1	1/8		1/8	1	1	3	69		585
45	45	0	0	4/4	2	2	1/8		1/8	1		-2	46		604
45	45	0	0	4/4	2	2	1/8		1/8	1		2	50		604
45	45	0	0	4/4	2	1	1/8		1/8	1	-1	6	54		598
45	45	0	0	4/4	1	1	1/8		1/8	1	-1	3	69		591
45	45	1/8	1/8	4/4	2	1	1/8		1/8	1		1	55		599
45	45	1/8	1/8	4/4	1	1	1/8		1/8	1	1	1	67		592
45	45	1/4	1/4	4/4	2	1	1/8		1/8	1		4	64		600
45	45	1/4	1/4	4/4	1	1	1/8		1/8	1	-1	1	67		593
45	45	3/8	3/8	4/4	2	1	1/8		1/8	1		2	62		601
45	45	3/8	3/8	4/4	1	1	1/8		1/8	1	1	8	68		594
45	45	1/2	1/2	4/4	2	2	1/2		1/2	1		3	45		605
45	45	1/2	1/2	4/4	2	2	1/2		1/2	1		4	52		605
45	45	1/2	1/2	4/4	2	1	1/4		1/4	1		2	62		602
45	45	1/2	1/2	4/4	1	1	1/8		1/8	1	-1	8	68		595
45	45	5/8	5/8	4/4	1	1	1/4		1/4	1		3	69		596
45	45	3/4	3/4	4/4	2	1	1/4		1/4	1		7	61		603
45	45	7/8	7/8	4/4	1	1	1/8		1/8	1		4	64		597
46	46	0	0	4/4	2	2	1/2		1/2	1		-2	58		618
46	46	0	0	4/4	2	2	1/2		1/2	1		0	60		618
46	46	1/12	1/12	4/4	1	1	1/12		1/8	2/3		0	72		606
46	46	1/6	1/6	4/4	1	1	1/12		1/8	2/3		2	74		607
46	46	1/4	1/4	4/4	2	1	1/4		1/4	1	1	1	67		612
46	46	1/4	1/4	4/4	1	1	1/12		1/8	2/3		4	76		608
46	46	1/3	1/3	4/4	1	1	1/12		1/8	2/3		-1	77		609
46	46	5/12	5/12	4/4	1	1	1/12		1/8	2/3		1	79		610
46	46	1/2	1/2	4/4	2	2	1/2		1/2	1		3	57		619
46	46	1/2	1/2	4/4	2	2	1/2		1/2	1		0	60		619
46	46	1/2	1/2	4/4	2	1	1/12		1/8	2/3	-1	1	67		613
46	46	1/2	1/2	4/4	1	1	1/2		1/2	1		0	72		611
46	46	7/12	7/12	4/4	2	1	1/12		1/8	2/3		-1	65		614
46	46	2/3	2/3	4/4	2	1	1/12		1/8	2/3		4	64		615
46	46	3/4	3/4	4/4	2	1	1/6		1/4	2/3		1	67		616
46	46	11/12	11/12	4/4	2	1	1/12		1/8	2/3		-1	65		617
47	47	0	0	4/4	2	2	1/2		1/2	1		1	55		633
47	47	0	0	4/4	2	2	1/2		1/2	1		3	57		633
47	47	0	0	4/4	2	1	1/4		1/4	1		-1	65		626
47	47	1/12	1/12	4/4	1	1	1/12		1/8	2/3		3	69		620
47	47	1/6	1/6	4/4	1	1	1/12		1/8	2/3		5	71		621
47	47	1/4	1/4	4/4	2	1	1/4		1/4	1	1	4	64		627
47	47	1/4	1/4	4/4	1	1	1/12		1/8	2/3		7	73		622
47	47	1/3	1/3	4/4	1	1	1/12		1/8	2/3		2	74		623
47	47	5/12	5/12	4/4	1	1	1/12		1/8	2/3		4	76		624
47	47	1/2	1/2	4/4	2	2	1/2		1/2	1		-1	53		634
47	47	1/2	1/2	4/4	2	2	1/2		1/2	1		3	57		634
47	47	1/2	1/2	4/4	2	1	1/12		1/8	2/3	-1	4	64		628
47	47	1/2	1/2	4/4	1	1	1/2		1/2	1		3	69		625
47	47	7/12	7/12	4/4	2	1	1/12		1/8	2/3		2	62		629
47	47	2/3	2/3	4/4	2	1	1/12		1/8	2/3		7	61		630
47	47	3/4	3/4	4/4	2	1	1/6		1/4	2/3		4	64		631
47	47	11/12	11/12	4/4	2	1	1/12		1/8	2/3		2	62		632
48	48	0	0	4/4	2	2	0	acciaccatura	1/8	1		1	43		649
48	48	0	0	4/4	2	2	1/2		1/2	1		2	50		650
48	48	0	0	4/4	2	2	1/2		1/2	1		1	55		650
48	48	0	0	4/4	2	1	1/4		1/4	1		0	60		646
48	48	1/12	1/12	4/4	1	1	1/12		1/8	2/3		4	64		635
48	48	1/6	1/6	4/4	1	1	1/12		1/8	2/3		-1	65		636
48	48	1/4	1/4	4/4	2	1	1/4		1/4	1		-2	58		647
48	48	1/4	1/4	4/4	1	1	1/12		1/8	2/3		1	67		637
48	48	1/3	1/3	4/4	1	1	1/12		1/8	2/3		3	69		638
48	48	5/12	5/12	4/4	1	1	1/12		1/8	2/3	1	-2	70		639
48	48	1/2	1/2	4/4	2	2	1/4		1/4	1		3	45		651
48	48	1/2	1/2	4/4	1	1	1/12		1/8	2/3	-1	-2	70		640
48	48	7/12	7/12	4/4	1	1	1/12		1/8	2/3		-2	70		641
48	48	2/3	2/3	4/4	1	1	1/12		1/8	2/3	1	3	69		642
48	48	3/4	3/4	4/4	2	1	1/4		1/4	1		-1	53		648
48	48	3/4	3/4	4/4	2	1	1/4		1/4	1		3	57		648
48	48	3/4	3/4	4/4	2	1	1/4		1/4	1		2	62		648
48	48	3/4	3/4	4/4	1	1	1/12		1/8	2/3	-1	3	69		643
48	48	5/6	5/6	4/4	1	1	1/12		1/8	2/3		8	68		644
48	48	11/12	11/12	4/4	1	1	1/12		1/8	2/3	1	1	67		645
49	49	0	0	4/4	2	1	1/4		1/4	1		3	45		663
49	49	0	0	4/4	1	1	1/12		1/8	2/3	-1	1	67		652
49	49	1/12	1/12	4/4	1	1	1/12		1/8	2/3		6	66		653
49	49	1/6	1/6	4/4	1	1	1/12		1/8	2/3	1	-1	65		654
49	49	1/4	1/4	4/4	2	1	1/4		1/4	1		1	55		664
49	49	1/4	1/4	4/4	2	1	1/4		1/4	1		3	57		664
49	49	1/4	1/4	4/4	2	1	1/4		1/4	1		7	61		664
49	49	1/4	1/4	4/4	1	1	1/12		1/8	2/3	-1	-1	65		655
49	49	1/3	1/3	4/4	1	1	1/12		1/8	2/3		9	63		656
49	49	5/12	5/12	4/4	1	1	1/12		1/8	2/3	1	4	64		657
49	49	1/2	1/2	4/4	2	1	1/2		1/2	1		2	38		665
49	49	1/2	1/2	4/4	2	1	1/2		1/2	1		3	45		665
49	49	1/2	1/2	4/4	1	2	1/2		1/2	1		-1	53		662
49	49	1/2	1/2	4/4	1	2	1/2		1/2	1		3	57		662
49	49	1/2	1/2	4/4	1	1	1/6		1/4	2/3	-1	4	64		658
49	49	2/3	2/3	4/4	1	1	1/12		1/8	2/3		7	61		659
49	49	3/4	3/4	4/4	1	1	1/6		1/4	2/3		7	61		660
49	49	11/12	11/12	4/4	1	1	1/12		1/8	2/3		2	62		661
50	50	0	0	4/4	2	1	1/2		1/2	1		2	50		676
50	50	0	0	4/4	2	1	1/2		1/2	1		1	55		676
50	50	0	0	4/4	2	1	1/2		1/2	1		-2	58		676
50	50	0	0	4/4	2	1	1/2		1/2	1		2	62		676
50	50	1/12	1/12	4/4	1	1	1/12		1/8	2/3		4	64		666
50	50	1/6	1/6	4/4	1	1	1/12		1/8	2/3		9	63		667
50	50	1/4	1/4	4/4	1	1	1/12		1/8	2/3		4	64		668
50	50	1/3	1/3	4/4	1	1	1/12		1/8	2/3		-1	65		669
50	50	5/12	5/12	4/4	1	1	1/12		1/8	2/3	1	4	64		670
50	50	1/2	1/2	4/4	2	1	1/2		1/2	1		2	38		677
50	50	1/2	1/2	4/4	2	1	1/2		1/2	1		3	45		677
50	50	1/2	1/2	4/4	1	2	1/2		1/2	1		-1	53		675
50	50	1/2	1/2	4/4	1	2	1/2		1/2	1		3	57		675
50	50	1/2	1/2	4/4	1	1	1/6		1/4	2/3	-1	4	64		671
50	50	2/3	2/3	4/4	1	1	1/12		1/8	2/3		7	61		672
50	50	3/4	3/4	4/4	1	1	1/6		1/4	2/3		7	61		673
50	50	11/12	11/12	4/4	1	1	1/12		1/8	2/3		2	62		674
51	51	0	0	4/4	2	1	1/2		1/2	1		2	50		686
51	51	0	0	4/4	2	1	1/2		1/2	1		1	55		686
51	51	0	0	4/4	2	1	1/2		1/2	1		-2	58		686
51	51	0	0	4/4	2	1	1/2		1/2	1		2	62		686
51	51	1/12	1/12	4/4	1	1	1/12		1/8	2/3		1	67		678
51	51	1/6	1/6	4/4	1	1	1/12		1/8	2/3		3	69		679
51	51	1/4	1/4	4/4	1	1	1/4		1/4	1	1	-2	70		680
51	51	1/2	1/2	4/4	2	1	1/2		1/2	1		2	38		687
51	51	1/2	1/2	4/4	2	1	1/2		1/2	1		3	45		687
51	51	1/2	1/2	4/4	1	2	1/2		1/2	1		3	57		685
51	51	1/2	1/2	4/4	1	2	1/2		1/2	1		2	62		685
51	51	1/2	1/2	4/4	1	1	1/12		1/8	2/3	-1	-2	70		681
51	51	7/12	7/12	4/4	1	1	1/12		1/8	2/3		-1	65		682
51	51	2/3	2/3	4/4	1	1	1/12		1/8	2/3		1	67		683
51	51	3/4	3/4	4/4	1	1	1/4		1/4	1		3	69		684
52	52	0	0	4/4	2	1	1/2		1/2	1		2	50		698
52	52	0	0	4/4	2	1	1/2		1/2	1		1	55		698
52	52	0	0	4/4	2	1	1/2		1/2	1		-2	58		698
52	52	0	0	4/4	2	1	1/2		1/2	1		2	62		698
52	52	1/12	1/12	4/4	1	1	1/12		1/8	2/3		4	64		688
52	52	1/6	1/6	4/4	1	1	1/12		1/8	2/3		9	63		689
52	52	1/4	1/4	4/4	1	1	1/12		1/8	2/3		4	64		690
52	52	1/3	1/3	4/4	1	1	1/12		1/8	2/3		-1	65		691
52	52	5/12	5/12	4/4	1	1	1/12		1/8	2/3	1	4	64		692
52	52	1/2	1/2	4/4	2	1	1/2		1/2	1		2	38		699
52	52	1/2	1/2	4/4	2	1	1/2		1/2	1		3	45		699
52	52	1/2	1/2	4/4	1	2	1/2		1/2	1		-1	53		697
52	52	1/2	1/2	4/4	1	2	1/2		1/2	1		3	57		697
52	52	1/2	1/2	4/4	1	1	1/6		1/4	2/3	-1	4	64		693
52	52	2/3	2/3	4/4	1	1	1/12		1/8	2/3		7	61		694
52	52	3/4	3/4	4/4	1	1	1/6		1/4	2/3		7	61		695
52	52	11/12	11/12	4/4	1	1	1/12		1/8	2/3		2	62		696
53	53	0	0	4/4	2	1	1/2		1/2	1		2	50		707
53	53	0	0	4/4	2	1	1/2		1/2	1		4	52		707
53	53	0	0	4/4	2	1	1/2		1/2	1		2	62		707
53	53	1/12	1/12	4/4	1	1	1/12		1/8	2/3		1	55		700
53	53	1/6	1/6	4/4	1	1	1/12		1/8	2/3		3	57		701
53	53	1/4	1/4	4/4	1	1	1/4		1/4	1	1	-2	58		702
53	53	1/2	1/2	4/4	2	1	1/2		1/2	1		2	38		708
53	53	1/2	1/2	4/4	2	1	1/2		1/2	1		3	45		708
53	53	1/2	1/2	4/4	1	1	1/12		1/8	2/3	-1	-2	58		703
53	53	7/12	7/12	4/4	1	1	1/12		1/8	2/3		-1	53		704
53	53	2/3	2/3	4/4	1	1	1/12		1/8	2/3		1	55		705
53	53	3/4	3/4	4/4	1	1	1/4		1/4	1		3	57		706
54	54	0	0	4/4	2	1	1/2		1/2	1		2	50		716
54	54	0	0	4/4	2	1	1/2		1/2	1		4	52		716
54	54	0	0	4/4	2	1	1/2		1/2	1		2	62		716
54	54	1/12	1/12	4/4	1	1	1/12		1/8	2/3		1	55		709
54	54	1/6	1/6	4/4	1	1	1/12		1/8	2/3		3	57		710
54	54	1/4	1/4	4/4	1	1	1/4		1/4	1	1	-2	58		711
54	54	1/2	1/2	4/4	2	1	1/2		1/2	1		2	38		717
54	54	1/2	1/2	4/4	2	1	1/2		1/2	1		3	45		717
54	54	1/2	1/2	4/4	1	1	1/12		1/8	2/3	-1	-2	58		712
54	54	7/12	7/12	4/4	1	1	1/12		1/8	2/3		-1	53		713
54	54	2/3	2/3	4/4	1	1	1/12		1/8	2/3		1	55		714
54	54	3/4	3/4	4/4	1	1	1/4		1/4	1	1	3	57		715
55	55	0	0	4/4	2	1	1/2		1/2	1	1	2	50		726
55	55	0	0	4/4	2	1	1/2		1/2	1	1	-1	53		726
55	55	0	0	4/4	1	1	1/6		1/4	2/3	-1	3	57		718
55	55	0	0	4/4	2	1	1/2		1/2	1	1	2	62		726
55	55	1/6	1/6	4/4	1	1	1/12		1/8	2/3		-2	58		719
55	55	1/4	1/4	4/4	1	1	1/6		1/4	2/3		-2	58		720
55	55	5/12	5/12	4/4	1	1	1/12		1/8	2/3		3	57		721
55	55	1/2	1/2	4/4	2	1	1/8		1/8	1	-1	2	50		727
55	55	1/2	1/2	4/4	2	1	1/8		1/8	1	-1	-1	53		727
55	55	1/2	1/2	4/4	1	1	1/6		1/4	2/3		-2	58		722
55	55	1/2	1/2	4/4	2	1	1/8		1/8	1	-1	2	62		727
55	55	2/3	2/3	4/4	1	1	1/12		1/8	2/3		3	57		723
55	55	3/4	3/4	4/4	1	1	1/6		1/4	2/3		-2	58		724
55	55	11/12	11/12	4/4	1	1	1/12		1/8	2/3		3	57		725
56	56	0	0	4/4	1	1	1/4		1/4	1	1	0	60		728
56	56	1/4	1/4	4/4	1	1	1/6		1/4	2/3	-1	0	60		729
56	56	5/12	5/12	4/4	1	1	1/12		1/8	2/3		-2	58		730
56	56	1/2	1/2	4/4	1	1	1/2		1/2	1		3	57		731
